has_levelled,is_bipartite,dialect,date,lemma_std,log_freq
0,1,High German,1475,ziehen,12.911148396955392
0,1,High German,1475,verlieren,12.774112848225492
0,1,High German,1475,ziehen,12.911148396955392
1,1,High German,1475,fliehen,11.081311434367002
0,1,High German,1475,fliehen,11.081311434367002
0,1,High German,1475,ziehen,12.911148396955392
1,1,High German,1475,ziehen,12.911148396955392
0,1,High German,1475,ziehen,12.911148396955392
0,1,High German,1475,ziehen,12.911148396955392
0,1,High German,1475,ziehen,12.911148396955392
0,1,High German,1475,ziehen,12.911148396955392
0,1,High German,1475,ziehen,12.911148396955392
1,1,High German,1475,ziehen,12.911148396955392
1,1,High German,1475,ziehen,12.911148396955392
1,1,High German,1475,fliehen,11.081311434367002
0,1,High German,1475,ziehen,12.911148396955392
0,1,High German,1475,ziehen,12.911148396955392
0,1,High German,1475,ziehen,12.911148396955392
0,1,Low German,1375,ziehen,12.911148396955392
0,1,Low German,1375,kiesen,0.0
1,1,Low German,1375,ziehen,12.911148396955392
0,1,Low German,1525,fliehen,11.081311434367002
0,1,Low German,1525,ziehen,12.911148396955392
1,1,Low German,1525,fliehen,11.081311434367002
1,1,Low German,1525,ziehen,12.911148396955392
0,1,Low German,1525,ziehen,12.911148396955392
1,1,Low German,1525,ziehen,12.911148396955392
0,1,Low German,1525,ziehen,12.911148396955392
0,1,Low German,1525,ziehen,12.911148396955392
0,1,Low German,1525,ziehen,12.911148396955392
1,1,Low German,1525,ziehen,12.911148396955392
1,1,Low German,1525,ziehen,12.911148396955392
1,1,Low German,1525,ziehen,12.911148396955392
0,1,Low German,1525,ziehen,12.911148396955392
0,1,Low German,1525,ziehen,12.911148396955392
1,1,Low German,1525,ziehen,12.911148396955392
1,1,Low German,1525,ziehen,12.911148396955392
1,1,Low German,1525,ziehen,12.911148396955392
0,1,Low German,1525,ziehen,12.911148396955392
1,1,Low German,1525,verlieren,12.774112848225492
1,1,Low German,1525,ziehen,12.911148396955392
0,1,Low German,1525,ziehen,12.911148396955392
0,1,Low German,1525,zeihen,7.979681302387741
1,1,Low German,1525,ziehen,12.911148396955392
0,1,Low German,1525,leihen,9.387816877106937
0,1,High German,1475,ziehen,12.911148396955392
0,1,High German,1475,verlieren,12.774112848225492
0,1,High German,1475,ziehen,12.911148396955392
1,1,High German,1475,fliehen,11.081311434367002
0,1,High German,1475,fliehen,11.081311434367002
0,1,High German,1475,ziehen,12.911148396955392
0,1,High German,1475,ziehen,12.911148396955392
0,1,High German,1475,ziehen,12.911148396955392
0,1,High German,1475,ziehen,12.911148396955392
0,1,High German,1475,ziehen,12.911148396955392
0,1,High German,1475,ziehen,12.911148396955392
0,1,High German,1475,ziehen,12.911148396955392
0,1,High German,1475,ziehen,12.911148396955392
0,1,Low German,1525,ziehen,12.911148396955392
0,1,Low German,1525,verlieren,12.774112848225492
0,1,Low German,1525,ziehen,12.911148396955392
1,1,Low German,1525,fliehen,11.081311434367002
0,1,Low German,1525,fliehen,11.081311434367002
1,1,Low German,1525,ziehen,12.911148396955392
0,1,Low German,1525,ziehen,12.911148396955392
1,1,Low German,1525,ziehen,12.911148396955392
1,1,Low German,1525,ziehen,12.911148396955392
1,1,Low German,1525,ziehen,12.911148396955392
0,1,Low German,1525,zeihen,7.979681302387741
0,1,Low German,1525,ziehen,12.911148396955392
0,1,Low German,1525,ziehen,12.911148396955392
1,1,Low German,1525,verlieren,12.774112848225492
1,1,Low German,1525,fliehen,11.081311434367002
0,1,Low German,1525,verlieren,12.774112848225492
1,1,Low German,1525,verlieren,12.774112848225492
1,1,Low German,1525,ziehen,12.911148396955392
0,1,Upper German,1475,ziehen,12.911148396955392
0,1,Upper German,1475,verlieren,12.774112848225492
0,1,Upper German,1475,ziehen,12.911148396955392
1,1,Upper German,1475,fliehen,11.081311434367002
0,1,Upper German,1475,fliehen,11.081311434367002
0,1,Upper German,1475,ziehen,12.911148396955392
0,1,Upper German,1475,ziehen,12.911148396955392
0,1,Upper German,1475,ziehen,12.911148396955392
0,1,Upper German,1475,ziehen,12.911148396955392
0,1,Upper German,1475,ziehen,12.911148396955392
0,1,Upper German,1475,ziehen,12.911148396955392
0,1,Upper German,1475,ziehen,12.911148396955392
0,1,Upper German,1475,ziehen,12.911148396955392
0,1,Upper German,1475,verlieren,12.774112848225492
0,1,Upper German,1475,fliehen,11.081311434367002
0,1,Upper German,1475,ziehen,12.911148396955392
0,1,Upper German,1475,ziehen,12.911148396955392
0,1,Upper German,1475,ziehen,12.911148396955392
0,1,Upper German,1475,ziehen,12.911148396955392
0,1,Upper German,1475,ziehen,12.911148396955392
0,1,Upper German,1475,ziehen,12.911148396955392
1,1,Upper German,1475,fliehen,11.081311434367002
0,1,Upper German,1475,ziehen,12.911148396955392
0,1,High German,1475,ziehen,12.911148396955392
1,1,High German,1475,ziehen,12.911148396955392
1,1,High German,1475,fliehen,11.081311434367002
0,1,High German,1475,verlieren,12.774112848225492
0,1,High German,1475,ziehen,12.911148396955392
0,1,High German,1475,ziehen,12.911148396955392
0,1,High German,1375,ziehen,12.911148396955392
0,1,High German,1375,verlieren,12.774112848225492
0,1,High German,1375,ziehen,12.911148396955392
1,1,High German,1375,fliehen,11.081311434367002
0,1,High German,1375,fliehen,11.081311434367002
0,1,High German,1375,ziehen,12.911148396955392
0,1,High German,1375,ziehen,12.911148396955392
0,1,High German,1375,ziehen,12.911148396955392
1,1,High German,1375,ziehen,12.911148396955392
0,1,High German,1375,ziehen,12.911148396955392
0,1,High German,1375,ziehen,12.911148396955392
0,1,High German,1375,ziehen,12.911148396955392
0,1,High German,1375,ziehen,12.911148396955392
0,1,Upper German,1475,fliehen,11.081311434367002
0,1,High German,1475,ziehen,12.911148396955392
0,1,High German,1475,verlieren,12.774112848225492
0,1,High German,1475,ziehen,12.911148396955392
1,1,High German,1475,fliehen,11.081311434367002
0,1,High German,1475,fliehen,11.081311434367002
0,1,High German,1475,ziehen,12.911148396955392
1,1,High German,1475,ziehen,12.911148396955392
0,1,High German,1475,ziehen,12.911148396955392
0,1,High German,1475,ziehen,12.911148396955392
0,1,High German,1475,ziehen,12.911148396955392
0,1,High German,1475,ziehen,12.911148396955392
0,1,High German,1475,ziehen,12.911148396955392
0,1,High German,1475,ziehen,12.911148396955392
0,1,High German,1475,ziehen,12.911148396955392
1,1,High German,1475,ziehen,12.911148396955392
1,1,High German,1475,fliehen,11.081311434367002
0,1,High German,1475,ziehen,12.911148396955392
0,1,High German,1475,ziehen,12.911148396955392
0,1,High German,1475,ziehen,12.911148396955392
0,1,High German,1475,verlieren,12.774112848225492
1,1,High German,1475,verlieren,12.774112848225492
0,1,High German,1475,ziehen,12.911148396955392
1,1,High German,1475,ziehen,12.911148396955392
0,1,High German,1475,ziehen,12.911148396955392
0,1,High German,1475,fliehen,11.081311434367002
1,1,High German,1475,ziehen,12.911148396955392
1,1,High German,1475,fliehen,11.081311434367002
1,1,High German,1475,ziehen,12.911148396955392
0,1,High German,1475,verlieren,12.774112848225492
1,1,High German,1475,ziehen,12.911148396955392
0,1,High German,1475,kiesen,0.0
0,1,High German,1475,ziehen,12.911148396955392
1,1,High German,1475,leihen,9.387816877106937
1,1,High German,1475,ziehen,12.911148396955392
1,1,High German,1475,ziehen,12.911148396955392
1,1,High German,1475,ziehen,12.911148396955392
0,1,High German,1475,ziehen,12.911148396955392
0,1,High German,1475,verlieren,12.774112848225492
0,1,High German,1475,ziehen,12.911148396955392
1,1,High German,1475,fliehen,11.081311434367002
0,1,High German,1475,fliehen,11.081311434367002
0,1,High German,1475,ziehen,12.911148396955392
0,1,High German,1475,ziehen,12.911148396955392
0,1,High German,1475,ziehen,12.911148396955392
0,1,High German,1475,ziehen,12.911148396955392
1,1,High German,1475,ziehen,12.911148396955392
1,1,High German,1475,ziehen,12.911148396955392
1,1,High German,1475,ziehen,12.911148396955392
1,1,High German,1475,fliehen,11.081311434367002
1,1,Low German,1475,fliehen,11.081311434367002
1,1,Low German,1475,ziehen,12.911148396955392
0,1,Low German,1475,ziehen,12.911148396955392
0,1,High German,1525,ziehen,12.911148396955392
1,1,High German,1525,ziehen,12.911148396955392
0,1,High German,1525,verlieren,12.774112848225492
1,1,High German,1525,ziehen,12.911148396955392
0,1,High German,1525,ziehen,12.911148396955392
0,1,High German,1325,ziehen,12.911148396955392
1,1,High German,1325,fliehen,11.081311434367002
0,1,High German,1325,verlieren,12.774112848225492
1,1,High German,1325,fliehen,11.081311434367002
0,1,High German,1325,ziehen,12.911148396955392
1,1,High German,1325,ziehen,12.911148396955392
0,1,High German,1325,ziehen,12.911148396955392
0,1,High German,1325,fliehen,11.081311434367002
0,1,High German,1325,verlieren,12.774112848225492
0,1,High German,1325,ziehen,12.911148396955392
0,1,High German,1325,ziehen,12.911148396955392
0,1,High German,1475,ziehen,12.911148396955392
1,1,High German,1475,ziehen,12.911148396955392
1,1,High German,1475,fliehen,11.081311434367002
0,1,High German,1475,ziehen,12.911148396955392
0,1,High German,1475,ziehen,12.911148396955392
0,1,High German,1475,ziehen,12.911148396955392
0,1,High German,1475,ziehen,12.911148396955392
0,1,High German,1475,ziehen,12.911148396955392
0,1,High German,1475,ziehen,12.911148396955392
0,1,High German,1475,ziehen,12.911148396955392
1,1,High German,1475,fliehen,11.081311434367002
1,1,High German,1475,ziehen,12.911148396955392
0,1,High German,1350,ziehen,12.911148396955392
0,1,High German,1350,verlieren,12.774112848225492
0,1,High German,1350,ziehen,12.911148396955392
1,1,High German,1350,fliehen,11.081311434367002
0,1,High German,1350,fliehen,11.081311434367002
0,1,High German,1350,ziehen,12.911148396955392
0,1,High German,1350,ziehen,12.911148396955392
0,1,High German,1350,ziehen,12.911148396955392
1,1,High German,1350,ziehen,12.911148396955392
0,1,High German,1350,ziehen,12.911148396955392
1,1,High German,1350,ziehen,12.911148396955392
1,1,High German,1350,ziehen,12.911148396955392
1,1,High German,1350,fliehen,11.081311434367002
0,1,High German,1350,ziehen,12.911148396955392
0,1,High German,1475,ziehen,12.911148396955392
1,1,High German,1475,verlieren,12.774112848225492
0,1,High German,1475,ziehen,12.911148396955392
1,1,High German,1475,fliehen,11.081311434367002
0,1,High German,1475,fliehen,11.081311434367002
0,1,High German,1475,ziehen,12.911148396955392
1,1,High German,1475,ziehen,12.911148396955392
0,1,High German,1475,ziehen,12.911148396955392
1,1,High German,1475,ziehen,12.911148396955392
0,1,High German,1475,ziehen,12.911148396955392
0,1,High German,1475,ziehen,12.911148396955392
1,1,High German,1475,ziehen,12.911148396955392
1,1,High German,1475,ziehen,12.911148396955392
1,1,High German,1475,fliehen,11.081311434367002
0,1,High German,1475,ziehen,12.911148396955392
0,1,High German,1550,ziehen,12.911148396955392
0,1,High German,1550,verlieren,12.774112848225492
0,1,High German,1550,ziehen,12.911148396955392
1,1,High German,1550,fliehen,11.081311434367002
0,1,High German,1550,fliehen,11.081311434367002
0,1,High German,1550,ziehen,12.911148396955392
0,1,High German,1550,ziehen,12.911148396955392
0,1,High German,1550,ziehen,12.911148396955392
0,1,High German,1550,ziehen,12.911148396955392
0,1,High German,1550,ziehen,12.911148396955392
0,1,High German,1550,ziehen,12.911148396955392
0,1,High German,1550,ziehen,12.911148396955392
0,1,High German,1550,ziehen,12.911148396955392
0,1,High German,1475,ziehen,12.911148396955392
0,1,High German,1475,verlieren,12.774112848225492
1,1,High German,1475,ziehen,12.911148396955392
0,1,High German,1475,fliehen,11.081311434367002
0,1,High German,1475,verlieren,12.774112848225492
0,1,High German,1475,ziehen,12.911148396955392
0,1,High German,1475,ziehen,12.911148396955392
1,1,High German,1475,ziehen,12.911148396955392
0,1,High German,1475,ziehen,12.911148396955392
0,1,High German,1475,ziehen,12.911148396955392
0,1,High German,1475,verlieren,12.774112848225492
1,1,High German,1475,fliehen,11.081311434367002
0,1,High German,1475,ziehen,12.911148396955392
0,1,High German,1475,ziehen,12.911148396955392
1,1,High German,1475,ziehen,12.911148396955392
1,1,High German,1475,ziehen,12.911148396955392
1,1,High German,1475,ziehen,12.911148396955392
0,1,High German,1475,ziehen,12.911148396955392
0,1,High German,1475,verlieren,12.774112848225492
1,1,High German,1475,fliehen,11.081311434367002
0,1,High German,1525,ziehen,12.911148396955392
0,1,High German,1525,verlieren,12.774112848225492
0,1,High German,1525,ziehen,12.911148396955392
1,1,High German,1525,fliehen,11.081311434367002
0,1,High German,1525,ziehen,12.911148396955392
0,1,High German,1525,ziehen,12.911148396955392
0,1,High German,1525,ziehen,12.911148396955392
0,1,High German,1525,ziehen,12.911148396955392
0,1,High German,1525,ziehen,12.911148396955392
0,1,High German,1525,ziehen,12.911148396955392
0,1,High German,1525,zeihen,7.979681302387741
0,1,High German,1525,ziehen,12.911148396955392
0,1,High German,1525,ziehen,12.911148396955392
1,1,High German,1525,verlieren,12.774112848225492
1,1,High German,1525,fliehen,11.081311434367002
0,1,High German,1525,verlieren,12.774112848225492
0,1,High German,1325,ziehen,12.911148396955392
0,1,High German,1325,verlieren,12.774112848225492
0,1,High German,1325,ziehen,12.911148396955392
1,1,High German,1325,fliehen,11.081311434367002
0,1,High German,1325,fliehen,11.081311434367002
0,1,High German,1325,ziehen,12.911148396955392
1,1,High German,1325,ziehen,12.911148396955392
1,1,High German,1325,ziehen,12.911148396955392
0,1,High German,1325,ziehen,12.911148396955392
1,1,High German,1325,ziehen,12.911148396955392
1,1,High German,1325,ziehen,12.911148396955392
1,1,High German,1325,ziehen,12.911148396955392
1,1,High German,1325,fliehen,11.081311434367002
0,1,High German,1325,ziehen,12.911148396955392
1,1,High German,1325,fliehen,11.081311434367002
0,1,High German,1325,ziehen,12.911148396955392
1,1,High German,1325,ziehen,12.911148396955392
1,1,High German,1325,ziehen,12.911148396955392
1,1,High German,1325,ziehen,12.911148396955392
1,1,High German,1325,frieren,7.765993079407675
0,1,High German,1325,verlieren,12.774112848225492
1,1,High German,1325,verlieren,12.774112848225492
0,1,High German,1325,ziehen,12.911148396955392
0,1,Upper German,1475,ziehen,12.911148396955392
1,1,Upper German,1475,fliehen,11.081311434367002
0,1,Upper German,1475,ziehen,12.911148396955392
0,1,Upper German,1475,ziehen,12.911148396955392
0,1,Upper German,1475,ziehen,12.911148396955392
1,1,Upper German,1475,ziehen,12.911148396955392
0,1,Upper German,1475,ziehen,12.911148396955392
0,1,Upper German,1475,ziehen,12.911148396955392
0,1,High German,1475,ziehen,12.911148396955392
0,1,High German,1475,ziehen,12.911148396955392
0,1,High German,1475,verlieren,12.774112848225492
0,1,High German,1475,ziehen,12.911148396955392
1,1,High German,1475,fliehen,11.081311434367002
0,1,High German,1475,ziehen,12.911148396955392
0,1,High German,1475,fliehen,11.081311434367002
1,1,High German,1475,ziehen,12.911148396955392
0,1,High German,1475,ziehen,12.911148396955392
0,1,High German,1475,ziehen,12.911148396955392
0,1,High German,1475,ziehen,12.911148396955392
0,1,High German,1475,ziehen,12.911148396955392
1,1,High German,1475,fliehen,11.081311434367002
0,1,High German,1475,ziehen,12.911148396955392
0,1,High German,1475,ziehen,12.911148396955392
0,1,High German,1475,verlieren,12.774112848225492
0,1,High German,1475,verlieren,12.774112848225492
0,1,High German,1475,leihen,9.387816877106937
1,1,High German,1475,fliehen,11.081311434367002
1,1,High German,1475,ziehen,12.911148396955392
1,1,High German,1475,ziehen,12.911148396955392
0,1,High German,1475,ziehen,12.911148396955392
0,1,High German,1475,ziehen,12.911148396955392
0,1,High German,1475,verlieren,12.774112848225492
0,1,High German,1475,verlieren,12.774112848225492
0,1,High German,1475,verlieren,12.774112848225492
0,1,High German,1475,verlieren,12.774112848225492
0,1,High German,1475,verlieren,12.774112848225492
0,1,Low German,1475,verlieren,12.774112848225492
0,1,Low German,1475,fliehen,11.081311434367002
0,1,Low German,1475,ziehen,12.911148396955392
1,1,Low German,1475,fliehen,11.081311434367002
1,1,Low German,1475,ziehen,12.911148396955392
0,1,Low German,1475,verlieren,12.774112848225492
0,1,Low German,1475,ziehen,12.911148396955392
1,1,Low German,1475,ziehen,12.911148396955392
0,1,Low German,1475,ziehen,12.911148396955392
0,1,Low German,1475,ziehen,12.911148396955392
0,1,Low German,1475,ziehen,12.911148396955392
1,1,Low German,1475,ziehen,12.911148396955392
1,1,Low German,1475,ziehen,12.911148396955392
1,1,Low German,1475,ziehen,12.911148396955392
0,1,Low German,1475,ziehen,12.911148396955392
0,1,Low German,1475,ziehen,12.911148396955392
1,1,Low German,1475,ziehen,12.911148396955392
1,1,Low German,1475,ziehen,12.911148396955392
1,1,Low German,1475,ziehen,12.911148396955392
0,1,Low German,1475,ziehen,12.911148396955392
0,1,Low German,1475,ziehen,12.911148396955392
0,1,Low German,1475,ziehen,12.911148396955392
0,1,Low German,1475,zeihen,7.979681302387741
1,1,Low German,1475,ziehen,12.911148396955392
0,1,Low German,1475,leihen,9.387816877106937
0,1,Low German,1475,verlieren,12.774112848225492
0,1,Low German,1475,fliehen,11.081311434367002
0,1,Low German,1475,ziehen,12.911148396955392
1,1,Low German,1475,fliehen,11.081311434367002
1,1,Low German,1475,ziehen,12.911148396955392
0,1,Low German,1475,ziehen,12.911148396955392
1,1,Low German,1475,ziehen,12.911148396955392
0,1,Low German,1475,ziehen,12.911148396955392
0,1,Low German,1475,fliehen,11.081311434367002
0,1,Low German,1475,ziehen,12.911148396955392
0,1,Low German,1475,ziehen,12.911148396955392
1,1,Low German,1475,ziehen,12.911148396955392
1,1,Low German,1475,ziehen,12.911148396955392
1,1,Low German,1475,ziehen,12.911148396955392
0,1,Low German,1475,ziehen,12.911148396955392
0,1,Low German,1475,ziehen,12.911148396955392
1,1,Low German,1475,ziehen,12.911148396955392
1,1,Low German,1475,ziehen,12.911148396955392
1,1,Low German,1475,ziehen,12.911148396955392
0,1,Low German,1475,ziehen,12.911148396955392
1,1,Low German,1475,ziehen,12.911148396955392
0,1,Low German,1475,ziehen,12.911148396955392
0,1,Low German,1475,zeihen,7.979681302387741
1,1,Low German,1475,ziehen,12.911148396955392
0,1,Low German,1475,leihen,9.387816877106937
1,1,Low German,1375,verlieren,12.774112848225492
0,1,Low German,1375,fliehen,11.081311434367002
0,1,Low German,1375,ziehen,12.911148396955392
1,1,Low German,1375,verlieren,12.774112848225492
0,1,Low German,1375,ziehen,12.911148396955392
1,1,Low German,1375,ziehen,12.911148396955392
0,1,Low German,1375,ziehen,12.911148396955392
1,1,Low German,1375,ziehen,12.911148396955392
0,1,Low German,1375,ziehen,12.911148396955392
1,1,Low German,1375,ziehen,12.911148396955392
1,1,Low German,1375,ziehen,12.911148396955392
1,1,Low German,1375,verlieren,12.774112848225492
1,1,Low German,1375,ziehen,12.911148396955392
0,1,Low German,1375,ziehen,12.911148396955392
1,1,Low German,1375,ziehen,12.911148396955392
1,1,Low German,1375,ziehen,12.911148396955392
1,1,Low German,1375,ziehen,12.911148396955392
0,1,Low German,1375,ziehen,12.911148396955392
1,1,Low German,1375,ziehen,12.911148396955392
0,1,Low German,1375,verlieren,12.774112848225492
1,1,Low German,1375,ziehen,12.911148396955392
0,1,Low German,1375,ziehen,12.911148396955392
1,1,Low German,1375,ziehen,12.911148396955392
1,1,Low German,1375,ziehen,12.911148396955392
1,1,Low German,1375,ziehen,12.911148396955392
1,1,Low German,1375,leihen,9.387816877106937
1,1,High German,1450,ziehen,12.911148396955392
1,1,High German,1450,ziehen,12.911148396955392
1,1,High German,1450,ziehen,12.911148396955392
1,1,High German,1450,ziehen,12.911148396955392
1,1,High German,1450,ziehen,12.911148396955392
1,1,High German,1450,ziehen,12.911148396955392
1,1,High German,1450,verlieren,12.774112848225492
0,1,High German,1450,verlieren,12.774112848225492
1,1,High German,1450,ziehen,12.911148396955392
0,1,Low German,1525,verlieren,12.774112848225492
0,1,Low German,1525,fliehen,11.081311434367002
0,1,Low German,1525,ziehen,12.911148396955392
1,1,Low German,1525,fliehen,11.081311434367002
1,1,Low German,1525,ziehen,12.911148396955392
0,1,Low German,1525,verlieren,12.774112848225492
0,1,Low German,1525,ziehen,12.911148396955392
1,1,Low German,1525,ziehen,12.911148396955392
0,1,Low German,1525,ziehen,12.911148396955392
0,1,Low German,1525,fliehen,11.081311434367002
0,1,Low German,1525,ziehen,12.911148396955392
0,1,Low German,1525,ziehen,12.911148396955392
1,1,Low German,1525,ziehen,12.911148396955392
1,1,Low German,1525,ziehen,12.911148396955392
1,1,Low German,1525,ziehen,12.911148396955392
0,1,Low German,1525,ziehen,12.911148396955392
0,1,Low German,1525,ziehen,12.911148396955392
1,1,Low German,1525,ziehen,12.911148396955392
1,1,Low German,1525,ziehen,12.911148396955392
1,1,Low German,1525,ziehen,12.911148396955392
0,1,Low German,1525,ziehen,12.911148396955392
1,1,Low German,1525,verlieren,12.774112848225492
0,1,Low German,1525,ziehen,12.911148396955392
0,1,Low German,1525,ziehen,12.911148396955392
0,1,Low German,1525,zeihen,7.979681302387741
1,1,Low German,1525,ziehen,12.911148396955392
0,1,Low German,1525,verlieren,12.774112848225492
0,1,Low German,1525,fliehen,11.081311434367002
0,1,Low German,1525,ziehen,12.911148396955392
1,1,Low German,1525,fliehen,11.081311434367002
0,1,Low German,1525,ziehen,12.911148396955392
1,1,Low German,1525,ziehen,12.911148396955392
0,1,Low German,1525,ziehen,12.911148396955392
1,1,Low German,1525,ziehen,12.911148396955392
0,1,Low German,1525,ziehen,12.911148396955392
0,1,Low German,1525,ziehen,12.911148396955392
1,1,Low German,1525,ziehen,12.911148396955392
1,1,Low German,1525,ziehen,12.911148396955392
1,1,Low German,1525,ziehen,12.911148396955392
0,1,Low German,1525,ziehen,12.911148396955392
0,1,Low German,1525,ziehen,12.911148396955392
1,1,Low German,1525,ziehen,12.911148396955392
1,1,Low German,1525,ziehen,12.911148396955392
1,1,Low German,1525,ziehen,12.911148396955392
0,1,Low German,1525,ziehen,12.911148396955392
1,1,Low German,1525,verlieren,12.774112848225492
0,1,Low German,1525,ziehen,12.911148396955392
0,1,Low German,1525,ziehen,12.911148396955392
0,1,Low German,1525,zeihen,7.979681302387741
1,1,Low German,1525,ziehen,12.911148396955392
0,1,High German,1350,ziehen,12.911148396955392
0,1,High German,1350,verlieren,12.774112848225492
0,1,High German,1350,ziehen,12.911148396955392
1,1,High German,1350,fliehen,11.081311434367002
0,1,High German,1350,fliehen,11.081311434367002
0,1,High German,1350,ziehen,12.911148396955392
1,1,High German,1350,ziehen,12.911148396955392
0,1,High German,1350,ziehen,12.911148396955392
1,1,High German,1350,ziehen,12.911148396955392
0,1,High German,1350,ziehen,12.911148396955392
1,1,High German,1350,ziehen,12.911148396955392
1,1,High German,1350,ziehen,12.911148396955392
0,1,High German,1350,ziehen,12.911148396955392
0,1,High German,1475,ziehen,12.911148396955392
1,1,High German,1475,ziehen,12.911148396955392
1,1,High German,1475,fliehen,11.081311434367002
0,1,High German,1475,verlieren,12.774112848225492
0,1,High German,1475,ziehen,12.911148396955392
0,1,High German,1475,ziehen,12.911148396955392
0,1,High German,1450,ziehen,12.911148396955392
0,1,High German,1450,ziehen,12.911148396955392
0,1,High German,1475,ziehen,12.911148396955392
0,1,High German,1475,ziehen,12.911148396955392
1,1,High German,1475,fliehen,11.081311434367002
0,1,High German,1475,verlieren,12.774112848225492
0,1,High German,1475,ziehen,12.911148396955392
0,1,High German,1475,ziehen,12.911148396955392
0,1,High German,1475,ziehen,12.911148396955392
0,1,High German,1475,verlieren,12.774112848225492
0,1,High German,1475,verlieren,12.774112848225492
1,1,High German,1475,fliehen,11.081311434367002
0,1,High German,1475,ziehen,12.911148396955392
0,1,High German,1475,verlieren,12.774112848225492
1,1,High German,1475,fliehen,11.081311434367002
0,1,High German,1475,fliehen,11.081311434367002
0,1,High German,1475,ziehen,12.911148396955392
1,1,High German,1475,ziehen,12.911148396955392
0,1,High German,1475,ziehen,12.911148396955392
1,1,High German,1475,ziehen,12.911148396955392
0,1,High German,1475,ziehen,12.911148396955392
0,1,High German,1475,ziehen,12.911148396955392
0,1,High German,1475,ziehen,12.911148396955392
0,1,High German,1475,fliehen,11.081311434367002
0,1,High German,1475,ziehen,12.911148396955392
0,1,High German,1475,ziehen,12.911148396955392
1,1,High German,1475,ziehen,12.911148396955392
1,1,High German,1475,ziehen,12.911148396955392
0,1,High German,1475,ziehen,12.911148396955392
0,1,High German,1475,zeihen,7.979681302387741
0,1,High German,1475,ziehen,12.911148396955392
1,1,High German,1475,ziehen,12.911148396955392
0,1,High German,1475,verlieren,12.774112848225492
0,1,High German,1475,verlieren,12.774112848225492
0,1,High German,1475,verlieren,12.774112848225492
0,1,High German,1475,verlieren,12.774112848225492
0,1,High German,1450,ziehen,12.911148396955392
0,1,High German,1450,verlieren,12.774112848225492
0,1,High German,1450,ziehen,12.911148396955392
1,1,High German,1450,fliehen,11.081311434367002
0,1,High German,1450,fliehen,11.081311434367002
0,1,High German,1450,ziehen,12.911148396955392
0,1,High German,1450,ziehen,12.911148396955392
0,1,High German,1450,ziehen,12.911148396955392
0,1,High German,1450,ziehen,12.911148396955392
0,1,High German,1450,ziehen,12.911148396955392
0,1,High German,1450,ziehen,12.911148396955392
0,1,High German,1450,ziehen,12.911148396955392
0,1,High German,1450,ziehen,12.911148396955392
0,1,High German,1475,verlieren,12.774112848225492
0,1,High German,1475,ziehen,12.911148396955392
0,1,High German,1475,fliehen,11.081311434367002
0,1,High German,1475,ziehen,12.911148396955392
0,1,High German,1475,ziehen,12.911148396955392
0,1,High German,1475,ziehen,12.911148396955392
0,1,High German,1475,ziehen,12.911148396955392
0,1,High German,1475,ziehen,12.911148396955392
0,1,High German,1475,ziehen,12.911148396955392
0,1,High German,1475,ziehen,12.911148396955392
0,1,High German,1475,ziehen,12.911148396955392
0,1,High German,1475,ziehen,12.911148396955392
0,1,Low German,1375,verlieren,12.774112848225492
0,1,Low German,1375,fliehen,11.081311434367002
0,1,Low German,1375,ziehen,12.911148396955392
0,1,Low German,1375,ziehen,12.911148396955392
1,1,Low German,1375,ziehen,12.911148396955392
1,1,Low German,1375,ziehen,12.911148396955392
1,1,Low German,1375,fliehen,11.081311434367002
0,1,Low German,1375,ziehen,12.911148396955392
0,1,Low German,1375,ziehen,12.911148396955392
1,1,Low German,1375,ziehen,12.911148396955392
1,1,Low German,1375,ziehen,12.911148396955392
0,1,Low German,1375,ziehen,12.911148396955392
1,1,Low German,1375,ziehen,12.911148396955392
1,1,Low German,1375,ziehen,12.911148396955392
1,1,Low German,1375,ziehen,12.911148396955392
1,1,Low German,1375,ziehen,12.911148396955392
0,1,Low German,1375,ziehen,12.911148396955392
0,1,Low German,1375,ziehen,12.911148396955392
0,1,Low German,1375,verlieren,12.774112848225492
1,1,Low German,1375,ziehen,12.911148396955392
0,1,Low German,1375,ziehen,12.911148396955392
0,1,Low German,1375,ziehen,12.911148396955392
1,1,Low German,1375,ziehen,12.911148396955392
1,1,Low German,1375,ziehen,12.911148396955392
1,1,Low German,1375,leihen,9.387816877106937
0,1,High German,1475,ziehen,12.911148396955392
1,1,High German,1475,ziehen,12.911148396955392
1,1,High German,1475,fliehen,11.081311434367002
0,1,High German,1475,fliehen,11.081311434367002
0,1,High German,1475,ziehen,12.911148396955392
0,1,High German,1475,ziehen,12.911148396955392
0,1,High German,1475,ziehen,12.911148396955392
0,1,High German,1475,ziehen,12.911148396955392
0,1,High German,1475,ziehen,12.911148396955392
0,1,High German,1475,ziehen,12.911148396955392
1,1,High German,1475,fliehen,11.081311434367002
0,1,High German,1475,ziehen,12.911148396955392
0,1,High German,1475,ziehen,12.911148396955392
0,1,High German,1475,ziehen,12.911148396955392
1,1,High German,1475,ziehen,12.911148396955392
1,1,High German,1475,fliehen,11.081311434367002
0,1,High German,1475,verlieren,12.774112848225492
0,1,High German,1475,ziehen,12.911148396955392
0,1,High German,1475,ziehen,12.911148396955392
0,1,High German,1475,ziehen,12.911148396955392
0,1,High German,1475,verlieren,12.774112848225492
1,1,High German,1475,fliehen,11.081311434367002
0,1,High German,1475,verlieren,12.774112848225492
0,1,High German,1475,ziehen,12.911148396955392
1,1,High German,1475,fliehen,11.081311434367002
0,1,High German,1475,fliehen,11.081311434367002
0,1,High German,1475,ziehen,12.911148396955392
0,1,High German,1475,ziehen,12.911148396955392
0,1,High German,1475,ziehen,12.911148396955392
0,1,High German,1475,ziehen,12.911148396955392
0,1,High German,1475,ziehen,12.911148396955392
0,1,High German,1475,ziehen,12.911148396955392
0,1,High German,1475,verlieren,12.774112848225492
0,1,High German,1475,ziehen,12.911148396955392
0,1,High German,1475,fliehen,11.081311434367002
0,1,High German,1475,ziehen,12.911148396955392
1,1,High German,1475,ziehen,12.911148396955392
0,1,High German,1475,ziehen,12.911148396955392
1,1,High German,1475,ziehen,12.911148396955392
0,1,High German,1475,ziehen,12.911148396955392
1,1,High German,1475,ziehen,12.911148396955392
1,1,High German,1475,ziehen,12.911148396955392
0,1,High German,1475,fliehen,11.081311434367002
0,1,High German,1475,ziehen,12.911148396955392
0,1,High German,1475,ziehen,12.911148396955392
0,1,High German,1475,verlieren,12.774112848225492
0,1,High German,1475,ziehen,12.911148396955392
0,1,High German,1475,ziehen,12.911148396955392
0,1,High German,1475,ziehen,12.911148396955392
0,1,Low German,1375,ziehen,12.911148396955392
0,1,Low German,1375,ziehen,12.911148396955392
0,1,Low German,1375,ziehen,12.911148396955392
0,1,Low German,1375,kiesen,0.0
0,1,Low German,1375,ziehen,12.911148396955392
0,1,Low German,1375,verlieren,12.774112848225492
0,1,High German,1475,ziehen,12.911148396955392
1,1,High German,1475,ziehen,12.911148396955392
1,1,High German,1475,fliehen,11.081311434367002
0,1,High German,1475,verlieren,12.774112848225492
0,1,High German,1475,ziehen,12.911148396955392
0,1,High German,1475,ziehen,12.911148396955392
0,1,High German,1475,ziehen,12.911148396955392
0,1,High German,1475,verlieren,12.774112848225492
1,1,High German,1475,fliehen,11.081311434367002
0,1,High German,1475,ziehen,12.911148396955392
1,1,High German,1475,fliehen,11.081311434367002
0,1,High German,1756,gedeihen,9.515616752828915
0,1,High German,1734,gedeihen,9.515616752828915
0,1,High German,1734,ziehen,12.911148396955392
0,1,High German,1756,ziehen,12.911148396955392
1,1,High German,1756,verlieren,12.774112848225492
1,1,High German,1678,verlieren,12.774112848225492
1,1,High German,1678,verlieren,12.774112848225492
1,1,High German,1677,verlieren,12.774112848225492
0,1,High German,1680,leihen,9.387816877106937
0,1,High German,1680,leihen,9.387816877106937
1,1,High German,1681,ziehen,12.911148396955392
0,1,High German,1681,ziehen,12.911148396955392
0,1,High German,1678,ziehen,12.911148396955392
1,1,High German,1681,verlieren,12.774112848225492
0,1,High German,1586,zeihen,7.979681302387741
0,1,High German,1588,ziehen,12.911148396955392
0,1,High German,1588,ziehen,12.911148396955392
0,1,High German,1588,ziehen,12.911148396955392
1,1,High German,1588,ziehen,12.911148396955392
0,1,High German,1570,leihen,9.387816877106937
0,1,Upper German,1575,ziehen,12.911148396955392
0,1,High German,1590,zeihen,7.979681302387741
0,1,High German,1570,leihen,9.387816877106937
0,1,Upper German,1571,leihen,9.387816877106937
0,1,Upper German,1571,leihen,9.387816877106937
1,1,Upper German,1584,leihen,9.387816877106937
0,1,Upper German,1584,leihen,9.387816877106937
1,1,Upper German,1584,leihen,9.387816877106937
0,1,High German,1586,ziehen,12.911148396955392
0,1,Upper German,1573,leihen,9.387816877106937
1,1,Upper German,1573,leihen,9.387816877106937
0,1,High German,1586,ziehen,12.911148396955392
0,1,Upper German,1581,ziehen,12.911148396955392
0,1,Upper German,1581,ziehen,12.911148396955392
0,1,Upper German,1562,leihen,9.387816877106937
0,1,High German,1586,ziehen,12.911148396955392
0,1,Upper German,1573,ziehen,12.911148396955392
0,1,Upper German,1573,ziehen,12.911148396955392
1,1,High German,1679,ziehen,12.911148396955392
0,1,High German,1679,ziehen,12.911148396955392
0,1,High German,1678,leihen,9.387816877106937
1,1,High German,1678,ziehen,12.911148396955392
1,1,High German,1678,ziehen,12.911148396955392
1,1,High German,1678,ziehen,12.911148396955392
0,1,High German,1678,ziehen,12.911148396955392
0,1,High German,1750,ziehen,12.911148396955392
1,1,High German,1750,verlieren,12.774112848225492
0,1,High German,1747,verlieren,12.774112848225492
1,1,High German,1747,ziehen,12.911148396955392
1,1,Low German,1658,ziehen,12.911148396955392
0,1,High German,1604,leihen,9.387816877106937
0,1,High German,1606,ziehen,12.911148396955392
1,1,High German,1606,kiesen,0.0
0,1,Low German,1611,leihen,9.387816877106937
0,1,Low German,1593,leihen,9.387816877106937
0,1,Low German,1608,leihen,9.387816877106937
1,1,Low German,1608,ziehen,12.911148396955392
0,1,Low German,1611,ziehen,12.911148396955392
1,1,Low German,1610,ziehen,12.911148396955392
0,1,Low German,1610,ziehen,12.911148396955392
0,1,Low German,1610,leihen,9.387816877106937
0,1,Low German,1592,ziehen,12.911148396955392
1,1,Low German,1604,verlieren,12.774112848225492
0,1,Low German,1604,ziehen,12.911148396955392
0,1,Low German,1604,ziehen,12.911148396955392
0,1,Low German,1610,leihen,9.387816877106937
0,1,Low German,1607,leihen,9.387816877106937
0,1,Low German,1608,leihen,9.387816877106937
0,1,Low German,1606,leihen,9.387816877106937
0,1,Low German,1604,leihen,9.387816877106937
1,1,Low German,1604,ziehen,12.911148396955392
0,1,Low German,1607,leihen,9.387816877106937
0,1,Low German,1609,leihen,9.387816877106937
0,1,Low German,1603,leihen,9.387816877106937
0,1,Low German,1613,leihen,9.387816877106937
1,1,Low German,1613,ziehen,12.911148396955392
0,1,Low German,1615,ziehen,12.911148396955392
0,1,Low German,1609,leihen,9.387816877106937
0,1,Low German,1607,leihen,9.387816877106937
0,1,Low German,1607,leihen,9.387816877106937
0,1,Low German,1613,leihen,9.387816877106937
0,1,Low German,1609,leihen,9.387816877106937
1,1,Low German,1612,ziehen,12.911148396955392
0,1,Low German,1612,ziehen,12.911148396955392
1,1,Low German,1610,ziehen,12.911148396955392
0,1,Low German,1603,leihen,9.387816877106937
0,1,Low German,1603,ziehen,12.911148396955392
0,1,Low German,1603,ziehen,12.911148396955392
0,1,Low German,1596,leihen,9.387816877106937
0,1,Low German,1596,ziehen,12.911148396955392
0,1,Low German,1596,leihen,9.387816877106937
0,1,Low German,1596,ziehen,12.911148396955392
0,1,Low German,1596,ziehen,12.911148396955392
1,1,Low German,1611,ziehen,12.911148396955392
0,1,Low German,1610,leihen,9.387816877106937
0,1,Low German,1603,leihen,9.387816877106937
0,1,Low German,1603,leihen,9.387816877106937
0,1,Low German,1608,leihen,9.387816877106937
0,1,Low German,1607,zeihen,7.979681302387741
0,1,Low German,1610,ziehen,12.911148396955392
0,1,Low German,1604,leihen,9.387816877106937
0,1,Low German,1612,ziehen,12.911148396955392
1,1,Low German,1607,ziehen,12.911148396955392
0,1,Low German,1611,ziehen,12.911148396955392
0,1,Low German,1609,ziehen,12.911148396955392
0,1,Low German,1609,ziehen,12.911148396955392
1,1,Low German,1609,ziehen,12.911148396955392
0,1,Low German,1609,ziehen,12.911148396955392
0,1,Low German,1613,leihen,9.387816877106937
1,1,Low German,1613,ziehen,12.911148396955392
1,1,Low German,1613,leihen,9.387816877106937
1,1,Low German,1613,ziehen,12.911148396955392
0,1,Low German,1612,leihen,9.387816877106937
0,1,Low German,1612,ziehen,12.911148396955392
0,1,Low German,1598,leihen,9.387816877106937
0,1,Low German,1595,leihen,9.387816877106937
0,1,Low German,1595,ziehen,12.911148396955392
1,1,Low German,1595,ziehen,12.911148396955392
0,1,Low German,1615,ziehen,12.911148396955392
0,1,Low German,1606,leihen,9.387816877106937
0,1,Low German,1612,ziehen,12.911148396955392
0,1,Low German,1609,ziehen,12.911148396955392
0,1,Low German,1614,leihen,9.387816877106937
1,1,Low German,1614,ziehen,12.911148396955392
1,1,Low German,1612,verlieren,12.774112848225492
0,1,Low German,1598,leihen,9.387816877106937
0,1,Low German,1610,ziehen,12.911148396955392
1,1,Low German,1603,ziehen,12.911148396955392
0,1,Low German,1607,leihen,9.387816877106937
0,1,Low German,1607,leihen,9.387816877106937
0,1,Low German,1613,leihen,9.387816877106937
0,1,Low German,1610,leihen,9.387816877106937
0,1,Low German,1611,leihen,9.387816877106937
1,1,Low German,1611,ziehen,12.911148396955392
1,1,Low German,1603,ziehen,12.911148396955392
0,1,Low German,1606,leihen,9.387816877106937
0,1,Low German,1609,leihen,9.387816877106937
0,1,Low German,1612,leihen,9.387816877106937
0,1,Low German,1612,ziehen,12.911148396955392
0,1,Low German,1609,ziehen,12.911148396955392
0,1,Low German,1609,leihen,9.387816877106937
0,1,Low German,1608,ziehen,12.911148396955392
0,1,Low German,1607,ziehen,12.911148396955392
1,1,Low German,1614,ziehen,12.911148396955392
0,1,Low German,1607,leihen,9.387816877106937
1,1,Low German,1607,ziehen,12.911148396955392
1,1,Low German,1602,ziehen,12.911148396955392
1,1,Low German,1602,ziehen,12.911148396955392
0,1,Low German,1607,leihen,9.387816877106937
0,1,Low German,1605,leihen,9.387816877106937
0,1,Low German,1607,leihen,9.387816877106937
0,1,Low German,1607,ziehen,12.911148396955392
0,1,Low German,1613,leihen,9.387816877106937
0,1,Low German,1613,leihen,9.387816877106937
0,1,Low German,1611,zeihen,7.979681302387741
0,1,High German,1609,leihen,9.387816877106937
0,1,Low German,1604,ziehen,12.911148396955392
0,1,Low German,1614,leihen,9.387816877106937
1,1,Low German,1614,ziehen,12.911148396955392
0,1,Low German,1614,ziehen,12.911148396955392
0,1,High German,1608,leihen,9.387816877106937
0,1,Low German,1613,ziehen,12.911148396955392
0,1,Low German,1614,leihen,9.387816877106937
0,1,Low German,1602,leihen,9.387816877106937
0,1,Low German,1603,ziehen,12.911148396955392
0,1,Low German,1609,ziehen,12.911148396955392
0,1,Low German,1611,gedeihen,9.515616752828915
1,1,Low German,1549,ziehen,12.911148396955392
0,1,Low German,1551,ziehen,12.911148396955392
1,1,Low German,1551,ziehen,12.911148396955392
0,1,Low German,1550,ziehen,12.911148396955392
0,1,Low German,1550,ziehen,12.911148396955392
0,1,Low German,1550,leihen,9.387816877106937
0,1,Low German,1550,ziehen,12.911148396955392
1,1,Low German,1550,ziehen,12.911148396955392
1,1,Low German,1549,ziehen,12.911148396955392
0,1,Low German,1549,ziehen,12.911148396955392
1,1,Low German,1549,verlieren,12.774112848225492
0,1,Low German,1549,ziehen,12.911148396955392
0,1,Low German,1549,ziehen,12.911148396955392
0,1,Low German,1550,ziehen,12.911148396955392
1,1,Low German,1550,verlieren,12.774112848225492
1,1,Low German,1550,zeihen,7.979681302387741
0,1,Low German,1550,ziehen,12.911148396955392
0,1,Low German,1550,ziehen,12.911148396955392
0,1,Low German,1551,ziehen,12.911148396955392
1,1,Low German,1551,ziehen,12.911148396955392
1,1,Low German,1550,ziehen,12.911148396955392
0,1,Low German,1550,leihen,9.387816877106937
0,1,Low German,1550,leihen,9.387816877106937
1,1,Low German,1550,ziehen,12.911148396955392
0,1,Low German,1549,ziehen,12.911148396955392
0,1,Low German,1550,ziehen,12.911148396955392
0,1,Low German,1550,ziehen,12.911148396955392
0,1,Low German,1547,leihen,9.387816877106937
0,1,Low German,1551,ziehen,12.911148396955392
0,1,Low German,1551,ziehen,12.911148396955392
0,1,Low German,1552,ziehen,12.911148396955392
0,1,Low German,1552,ziehen,12.911148396955392
0,1,Low German,1552,ziehen,12.911148396955392
0,1,Low German,1552,ziehen,12.911148396955392
0,1,Low German,1552,ziehen,12.911148396955392
1,1,Low German,1552,ziehen,12.911148396955392
0,1,Low German,1552,ziehen,12.911148396955392
0,1,Low German,1546,leihen,9.387816877106937
0,1,Low German,1552,ziehen,12.911148396955392
0,1,Low German,1549,ziehen,12.911148396955392
1,1,Low German,1546,ziehen,12.911148396955392
1,1,Low German,1546,ziehen,12.911148396955392
0,1,Low German,1546,leihen,9.387816877106937
1,1,Low German,1550,ziehen,12.911148396955392
0,1,Low German,1550,ziehen,12.911148396955392
1,1,Low German,1550,ziehen,12.911148396955392
0,1,Low German,1546,ziehen,12.911148396955392
0,1,Low German,1546,ziehen,12.911148396955392
0,1,Low German,1546,ziehen,12.911148396955392
0,1,Low German,1550,leihen,9.387816877106937
0,1,Low German,1550,leihen,9.387816877106937
1,1,Low German,1551,ziehen,12.911148396955392
1,1,Low German,1551,ziehen,12.911148396955392
0,1,Low German,1551,ziehen,12.911148396955392
0,1,Low German,1551,zeihen,7.979681302387741
0,1,Low German,1549,leihen,9.387816877106937
0,1,Low German,1549,ziehen,12.911148396955392
1,1,Low German,1549,zeihen,7.979681302387741
0,1,Low German,1549,ziehen,12.911148396955392
0,1,Low German,1553,ziehen,12.911148396955392
1,1,Low German,1550,ziehen,12.911148396955392
0,1,Low German,1549,ziehen,12.911148396955392
1,1,Low German,1549,ziehen,12.911148396955392
0,1,Low German,1549,ziehen,12.911148396955392
0,1,Low German,1549,ziehen,12.911148396955392
0,1,Low German,1549,ziehen,12.911148396955392
1,1,Low German,1549,ziehen,12.911148396955392
0,1,Low German,1549,ziehen,12.911148396955392
0,1,Low German,1547,leihen,9.387816877106937
0,1,Low German,1551,ziehen,12.911148396955392
0,1,Low German,1551,ziehen,12.911148396955392
0,1,Low German,1551,ziehen,12.911148396955392
1,1,Low German,1553,ziehen,12.911148396955392
0,1,Low German,1551,ziehen,12.911148396955392
0,1,Low German,1551,verlieren,12.774112848225492
0,1,Low German,1551,ziehen,12.911148396955392
0,1,Low German,1551,ziehen,12.911148396955392
1,1,Low German,1551,ziehen,12.911148396955392
0,1,Low German,1546,ziehen,12.911148396955392
0,1,Low German,1546,ziehen,12.911148396955392
0,1,Low German,1546,ziehen,12.911148396955392
0,1,Low German,1552,ziehen,12.911148396955392
0,1,Low German,1549,ziehen,12.911148396955392
0,1,Low German,1550,leihen,9.387816877106937
0,1,Low German,1550,ziehen,12.911148396955392
0,1,Low German,1552,ziehen,12.911148396955392
0,1,Low German,1551,ziehen,12.911148396955392
1,1,Low German,1551,verlieren,12.774112848225492
0,1,Low German,1547,ziehen,12.911148396955392
1,1,Low German,1547,verlieren,12.774112848225492
0,1,Low German,1549,leihen,9.387816877106937
0,1,Low German,1550,ziehen,12.911148396955392
1,1,Low German,1550,ziehen,12.911148396955392
0,1,Low German,1550,ziehen,12.911148396955392
0,1,Low German,1550,ziehen,12.911148396955392
0,1,Low German,1550,ziehen,12.911148396955392
1,1,Low German,1550,ziehen,12.911148396955392
0,1,Low German,1550,ziehen,12.911148396955392
0,1,Low German,1551,ziehen,12.911148396955392
0,1,Low German,1551,zeihen,7.979681302387741
0,1,Low German,1551,ziehen,12.911148396955392
0,1,Low German,1550,ziehen,12.911148396955392
0,1,Low German,1550,ziehen,12.911148396955392
0,1,Low German,1550,ziehen,12.911148396955392
0,1,Low German,1550,ziehen,12.911148396955392
0,1,Low German,1547,ziehen,12.911148396955392
0,1,Low German,1550,leihen,9.387816877106937
0,1,Low German,1549,ziehen,12.911148396955392
0,1,Low German,1547,ziehen,12.911148396955392
0,1,Low German,1551,leihen,9.387816877106937
0,1,Low German,1549,ziehen,12.911148396955392
0,1,Low German,1548,ziehen,12.911148396955392
0,1,Low German,1553,ziehen,12.911148396955392
0,1,Low German,1547,ziehen,12.911148396955392
0,1,Low German,1547,ziehen,12.911148396955392
0,1,Low German,1547,ziehen,12.911148396955392
1,1,Low German,1551,ziehen,12.911148396955392
0,1,Low German,1551,ziehen,12.911148396955392
1,1,Low German,1546,ziehen,12.911148396955392
0,1,Low German,1553,ziehen,12.911148396955392
0,1,Low German,1552,ziehen,12.911148396955392
0,1,Low German,1551,ziehen,12.911148396955392
0,1,Low German,1552,verlieren,12.774112848225492
1,1,Low German,1550,ziehen,12.911148396955392
0,1,Low German,1550,ziehen,12.911148396955392
1,1,Low German,1549,ziehen,12.911148396955392
0,1,Low German,1549,ziehen,12.911148396955392
0,1,Low German,1550,ziehen,12.911148396955392
0,1,Low German,1551,ziehen,12.911148396955392
0,1,Low German,1551,ziehen,12.911148396955392
0,1,Low German,1553,ziehen,12.911148396955392
0,1,Low German,1551,ziehen,12.911148396955392
0,1,Low German,1548,ziehen,12.911148396955392
0,1,Low German,1548,verlieren,12.774112848225492
0,1,Low German,1550,leihen,9.387816877106937
0,1,Low German,1550,leihen,9.387816877106937
1,1,Low German,1551,verlieren,12.774112848225492
0,1,Low German,1551,ziehen,12.911148396955392
0,1,Low German,1551,ziehen,12.911148396955392
0,1,Low German,1551,ziehen,12.911148396955392
0,1,Low German,1551,ziehen,12.911148396955392
0,1,Low German,1551,ziehen,12.911148396955392
0,1,Low German,1551,verlieren,12.774112848225492
0,1,Low German,1551,verlieren,12.774112848225492
0,1,Low German,1551,ziehen,12.911148396955392
0,1,Low German,1551,verlieren,12.774112848225492
1,1,Low German,1551,ziehen,12.911148396955392
0,1,Low German,1551,zeihen,7.979681302387741
0,1,Low German,1551,ziehen,12.911148396955392
0,1,Low German,1551,ziehen,12.911148396955392
0,1,Low German,1550,leihen,9.387816877106937
0,1,Low German,1550,ziehen,12.911148396955392
1,1,Upper German,1567,ziehen,12.911148396955392
0,1,Upper German,1568,leihen,9.387816877106937
1,1,Upper German,1568,leihen,9.387816877106937
0,1,Upper German,1568,ziehen,12.911148396955392
0,1,Upper German,1568,ziehen,12.911148396955392
0,1,Upper German,1573,ziehen,12.911148396955392
0,1,Upper German,1567,ziehen,12.911148396955392
0,1,Upper German,1572,leihen,9.387816877106937
0,1,Upper German,1571,ziehen,12.911148396955392
1,1,Upper German,1566,ziehen,12.911148396955392
0,1,Upper German,1566,leihen,9.387816877106937
0,1,Upper German,1567,leihen,9.387816877106937
0,1,Upper German,1568,ziehen,12.911148396955392
0,1,Upper German,1568,ziehen,12.911148396955392
0,1,Upper German,1568,ziehen,12.911148396955392
0,1,Upper German,1572,leihen,9.387816877106937
0,1,Upper German,1572,ziehen,12.911148396955392
0,1,Upper German,1567,leihen,9.387816877106937
0,1,Upper German,1567,ziehen,12.911148396955392
0,1,Upper German,1567,ziehen,12.911148396955392
0,1,Upper German,1567,ziehen,12.911148396955392
0,1,Upper German,1563,leihen,9.387816877106937
0,1,Upper German,1573,zeihen,7.979681302387741
0,1,Upper German,1567,leihen,9.387816877106937
0,1,Upper German,1568,leihen,9.387816877106937
1,1,Upper German,1568,ziehen,12.911148396955392
0,1,Upper German,1568,ziehen,12.911148396955392
1,1,Upper German,1570,verlieren,12.774112848225492
0,1,Upper German,1561,leihen,9.387816877106937
0,1,Upper German,1567,ziehen,12.911148396955392
0,1,Upper German,1576,leihen,9.387816877106937
0,1,Upper German,1576,leihen,9.387816877106937
0,1,Upper German,1576,leihen,9.387816877106937
0,1,Upper German,1576,leihen,9.387816877106937
0,1,Upper German,1571,ziehen,12.911148396955392
0,1,Upper German,1571,ziehen,12.911148396955392
0,1,Upper German,1571,ziehen,12.911148396955392
1,1,Upper German,1571,ziehen,12.911148396955392
0,1,Upper German,1570,leihen,9.387816877106937
0,1,Low German,1585,leihen,9.387816877106937
0,1,Low German,1586,ziehen,12.911148396955392
0,1,Low German,1584,leihen,9.387816877106937
0,1,Low German,1586,ziehen,12.911148396955392
0,1,Low German,1586,ziehen,12.911148396955392
0,1,Low German,1591,leihen,9.387816877106937
0,1,High German,1578,ziehen,12.911148396955392
0,1,High German,1578,zeihen,7.979681302387741
0,1,High German,1578,zeihen,7.979681302387741
0,1,High German,1578,ziehen,12.911148396955392
0,1,High German,1578,ziehen,12.911148396955392
0,1,High German,1578,ziehen,12.911148396955392
1,1,High German,1578,ziehen,12.911148396955392
0,1,High German,1578,ziehen,12.911148396955392
1,1,High German,1578,verlieren,12.774112848225492
0,1,High German,1578,verlieren,12.774112848225492
0,1,High German,1578,ziehen,12.911148396955392
0,1,High German,1578,ziehen,12.911148396955392
0,1,High German,1578,ziehen,12.911148396955392
0,1,High German,1578,ziehen,12.911148396955392
1,1,High German,1578,ziehen,12.911148396955392
0,1,High German,1578,ziehen,12.911148396955392
0,1,High German,1578,ziehen,12.911148396955392
1,1,High German,1578,verlieren,12.774112848225492
1,1,High German,1698,ziehen,12.911148396955392
0,1,High German,1698,verlieren,12.774112848225492
0,1,High German,1698,verlieren,12.774112848225492
1,1,High German,1698,ziehen,12.911148396955392
0,1,High German,1698,verlieren,12.774112848225492
1,1,High German,1698,ziehen,12.911148396955392
0,1,High German,1698,ziehen,12.911148396955392
1,1,High German,1698,ziehen,12.911148396955392
0,1,High German,1698,ziehen,12.911148396955392
0,1,High German,1698,leihen,9.387816877106937
0,1,High German,1485,ziehen,12.911148396955392
0,1,High German,1485,ziehen,12.911148396955392
1,1,High German,1485,ziehen,12.911148396955392
0,1,High German,1485,ziehen,12.911148396955392
0,1,High German,1485,ziehen,12.911148396955392
0,1,High German,1485,ziehen,12.911148396955392
0,1,High German,1485,ziehen,12.911148396955392
0,1,High German,1485,ziehen,12.911148396955392
0,1,High German,1485,ziehen,12.911148396955392
0,1,High German,1485,ziehen,12.911148396955392
0,1,High German,1485,ziehen,12.911148396955392
0,1,High German,1485,ziehen,12.911148396955392
0,1,High German,1390,kiesen,0.0
1,1,High German,1390,ziehen,12.911148396955392
1,1,High German,1390,kiesen,0.0
0,1,High German,1390,kiesen,0.0
0,1,High German,1390,ziehen,12.911148396955392
0,1,High German,1390,kiesen,0.0
0,1,High German,1390,kiesen,0.0
0,1,High German,1390,kiesen,0.0
0,1,High German,1390,kiesen,0.0
0,1,High German,1390,kiesen,0.0
0,1,High German,1390,kiesen,0.0
0,1,High German,1390,kiesen,0.0
0,1,High German,1557,ziehen,12.911148396955392
0,1,High German,1557,ziehen,12.911148396955392
0,1,High German,1557,ziehen,12.911148396955392
1,1,High German,1557,fliehen,11.081311434367002
0,1,High German,1557,ziehen,12.911148396955392
1,1,High German,1557,fliehen,11.081311434367002
0,1,High German,1557,ziehen,12.911148396955392
0,1,High German,1557,ziehen,12.911148396955392
0,1,High German,1557,ziehen,12.911148396955392
0,1,High German,1557,ziehen,12.911148396955392
1,1,High German,1557,fliehen,11.081311434367002
0,1,High German,1557,fliehen,11.081311434367002
0,1,High German,1557,verlieren,12.774112848225492
1,1,High German,1557,fliehen,11.081311434367002
0,1,High German,1557,ziehen,12.911148396955392
1,1,High German,1557,fliehen,11.081311434367002
0,1,High German,1557,frieren,7.765993079407675
0,1,High German,1557,ziehen,12.911148396955392
0,1,High German,1557,ziehen,12.911148396955392
1,1,High German,1557,fliehen,11.081311434367002
0,1,High German,1557,ziehen,12.911148396955392
0,1,High German,1557,ziehen,12.911148396955392
0,1,High German,1557,ziehen,12.911148396955392
0,1,High German,1557,ziehen,12.911148396955392
0,1,High German,1557,ziehen,12.911148396955392
0,1,High German,1557,ziehen,12.911148396955392
0,1,High German,1557,ziehen,12.911148396955392
0,1,High German,1557,fliehen,11.081311434367002
1,1,High German,1557,leihen,9.387816877106937
1,1,High German,1557,ziehen,12.911148396955392
0,1,High German,1557,ziehen,12.911148396955392
0,1,High German,1557,verlieren,12.774112848225492
0,1,High German,1557,ziehen,12.911148396955392
1,1,High German,1557,ziehen,12.911148396955392
0,1,High German,1557,ziehen,12.911148396955392
0,1,High German,1557,ziehen,12.911148396955392
0,1,High German,1557,ziehen,12.911148396955392
0,1,High German,1557,ziehen,12.911148396955392
0,1,High German,1557,ziehen,12.911148396955392
0,1,High German,1557,ziehen,12.911148396955392
0,1,High German,1557,ziehen,12.911148396955392
1,1,High German,1557,ziehen,12.911148396955392
0,1,High German,1557,ziehen,12.911148396955392
0,1,High German,1557,ziehen,12.911148396955392
0,1,High German,1680,ziehen,12.911148396955392
0,1,High German,1680,ziehen,12.911148396955392
1,1,High German,1680,ziehen,12.911148396955392
0,1,High German,1450,ziehen,12.911148396955392
0,1,High German,1450,ziehen,12.911148396955392
0,1,High German,1450,ziehen,12.911148396955392
0,1,High German,1450,ziehen,12.911148396955392
0,1,High German,1450,verlieren,12.774112848225492
0,1,High German,1450,verlieren,12.774112848225492
0,1,High German,1450,ziehen,12.911148396955392
0,1,High German,1450,ziehen,12.911148396955392
0,1,High German,1450,ziehen,12.911148396955392
0,1,High German,1450,ziehen,12.911148396955392
0,1,High German,1450,ziehen,12.911148396955392
1,1,High German,1450,fliehen,11.081311434367002
0,1,High German,1450,ziehen,12.911148396955392
0,1,High German,1450,ziehen,12.911148396955392
0,1,High German,1450,ziehen,12.911148396955392
0,1,High German,1450,ziehen,12.911148396955392
0,1,High German,1450,ziehen,12.911148396955392
0,1,High German,1450,ziehen,12.911148396955392
0,1,High German,1450,ziehen,12.911148396955392
0,1,High German,1450,ziehen,12.911148396955392
0,1,High German,1450,ziehen,12.911148396955392
0,1,High German,1450,ziehen,12.911148396955392
0,1,High German,1450,zeihen,7.979681302387741
0,1,High German,1450,ziehen,12.911148396955392
0,1,High German,1450,ziehen,12.911148396955392
0,1,High German,1450,ziehen,12.911148396955392
0,1,High German,1450,ziehen,12.911148396955392
0,1,High German,1450,ziehen,12.911148396955392
0,1,High German,1450,ziehen,12.911148396955392
0,1,High German,1450,ziehen,12.911148396955392
0,1,High German,1450,ziehen,12.911148396955392
0,1,High German,1450,verlieren,12.774112848225492
0,1,High German,1450,verlieren,12.774112848225492
0,1,High German,1450,zeihen,7.979681302387741
0,1,High German,1450,ziehen,12.911148396955392
1,1,High German,1450,fliehen,11.081311434367002
0,1,High German,1450,ziehen,12.911148396955392
0,1,High German,1450,ziehen,12.911148396955392
0,1,High German,1450,ziehen,12.911148396955392
0,1,High German,1450,ziehen,12.911148396955392
0,1,High German,1450,ziehen,12.911148396955392
0,1,High German,1450,ziehen,12.911148396955392
0,1,High German,1450,ziehen,12.911148396955392
0,1,High German,1450,ziehen,12.911148396955392
0,1,High German,1450,ziehen,12.911148396955392
0,1,High German,1384,verlieren,12.774112848225492
1,1,High German,1384,leihen,9.387816877106937
0,1,High German,1384,ziehen,12.911148396955392
1,1,High German,1384,ziehen,12.911148396955392
0,1,High German,1384,ziehen,12.911148396955392
0,1,High German,1384,ziehen,12.911148396955392
0,1,High German,1384,ziehen,12.911148396955392
0,1,High German,1384,ziehen,12.911148396955392
0,1,High German,1384,ziehen,12.911148396955392
0,1,High German,1384,ziehen,12.911148396955392
0,1,High German,1384,ziehen,12.911148396955392
0,1,High German,1384,ziehen,12.911148396955392
0,1,High German,1384,ziehen,12.911148396955392
0,1,High German,1485,ziehen,12.911148396955392
1,1,High German,1485,seihen,6.008813185442595
0,1,High German,1485,ziehen,12.911148396955392
0,1,High German,1485,seihen,6.008813185442595
0,1,High German,1485,fliehen,11.081311434367002
0,1,High German,1485,fliehen,11.081311434367002
0,1,High German,1485,ziehen,12.911148396955392
0,1,High German,1485,fliehen,11.081311434367002
1,1,High German,1485,fliehen,11.081311434367002
0,1,High German,1485,seihen,6.008813185442595
0,1,High German,1485,ziehen,12.911148396955392
0,1,High German,1485,ziehen,12.911148396955392
0,1,High German,1485,ziehen,12.911148396955392
0,1,High German,1485,ziehen,12.911148396955392
0,1,High German,1485,ziehen,12.911148396955392
0,1,High German,1485,ziehen,12.911148396955392
0,1,High German,1485,ziehen,12.911148396955392
0,1,High German,1485,seihen,6.008813185442595
0,1,High German,1485,seihen,6.008813185442595
0,1,High German,1485,seihen,6.008813185442595
0,1,High German,1664,ziehen,12.911148396955392
0,1,High German,1664,ziehen,12.911148396955392
0,1,High German,1664,ziehen,12.911148396955392
0,1,High German,1664,ziehen,12.911148396955392
0,1,High German,1664,ziehen,12.911148396955392
0,1,High German,1664,ziehen,12.911148396955392
1,1,High German,1664,verlieren,12.774112848225492
0,1,High German,1664,ziehen,12.911148396955392
0,1,High German,1664,gedeihen,9.515616752828915
0,1,High German,1664,ziehen,12.911148396955392
0,1,High German,1664,ziehen,12.911148396955392
0,1,High German,1664,ziehen,12.911148396955392
1,1,High German,1664,verlieren,12.774112848225492
1,1,High German,1664,verlieren,12.774112848225492
0,1,High German,1664,ziehen,12.911148396955392
0,1,High German,1664,gedeihen,9.515616752828915
1,1,High German,1664,verlieren,12.774112848225492
0,1,High German,1664,ziehen,12.911148396955392
0,1,High German,1664,ziehen,12.911148396955392
0,1,High German,1664,ziehen,12.911148396955392
0,1,High German,1664,ziehen,12.911148396955392
0,1,High German,1664,ziehen,12.911148396955392
0,1,High German,1664,ziehen,12.911148396955392
1,1,High German,1664,ziehen,12.911148396955392
0,1,High German,1664,ziehen,12.911148396955392
1,1,High German,1664,leihen,9.387816877106937
0,1,High German,1664,ziehen,12.911148396955392
0,1,High German,1664,ziehen,12.911148396955392
0,1,High German,1664,leihen,9.387816877106937
0,1,High German,1664,leihen,9.387816877106937
0,1,High German,1578,fliehen,11.081311434367002
0,1,High German,1578,ziehen,12.911148396955392
1,1,High German,1578,verlieren,12.774112848225492
0,1,High German,1578,verlieren,12.774112848225492
0,1,High German,1578,verlieren,12.774112848225492
0,1,High German,1578,verlieren,12.774112848225492
0,1,High German,1578,verlieren,12.774112848225492
0,1,High German,1578,ziehen,12.911148396955392
1,1,High German,1578,verlieren,12.774112848225492
0,1,High German,1578,verlieren,12.774112848225492
1,1,High German,1578,ziehen,12.911148396955392
0,1,High German,1578,ziehen,12.911148396955392
1,1,High German,1578,verlieren,12.774112848225492
0,1,High German,1578,verlieren,12.774112848225492
0,1,High German,1578,ziehen,12.911148396955392
0,1,Upper German,1400,verlieren,12.774112848225492
1,1,Upper German,1400,fliehen,11.081311434367002
0,1,Upper German,1400,zeihen,7.979681302387741
0,1,Upper German,1400,fliehen,11.081311434367002
0,1,Upper German,1400,ziehen,12.911148396955392
0,1,Upper German,1400,fliehen,11.081311434367002
1,1,Upper German,1400,verlieren,12.774112848225492
0,1,Upper German,1400,fliehen,11.081311434367002
0,1,Upper German,1400,ziehen,12.911148396955392
1,1,Upper German,1400,verlieren,12.774112848225492
0,1,Upper German,1400,fliehen,11.081311434367002
0,1,Upper German,1400,ziehen,12.911148396955392
1,1,Upper German,1400,verlieren,12.774112848225492
0,1,Upper German,1400,ziehen,12.911148396955392
0,1,Upper German,1400,verlieren,12.774112848225492
0,1,Upper German,1400,ziehen,12.911148396955392
1,1,Upper German,1400,fliehen,11.081311434367002
1,1,Upper German,1400,fliehen,11.081311434367002
0,1,Upper German,1400,ziehen,12.911148396955392
0,1,Upper German,1400,zeihen,7.979681302387741
0,1,Upper German,1400,ziehen,12.911148396955392
0,1,Upper German,1400,ziehen,12.911148396955392
0,1,Upper German,1400,ziehen,12.911148396955392
0,1,Upper German,1400,ziehen,12.911148396955392
1,1,Upper German,1400,verlieren,12.774112848225492
0,1,Upper German,1400,zeihen,7.979681302387741
0,1,Upper German,1400,ziehen,12.911148396955392
0,1,Upper German,1400,ziehen,12.911148396955392
0,1,Upper German,1400,ziehen,12.911148396955392
0,1,Upper German,1400,fliehen,11.081311434367002
0,1,Upper German,1400,ziehen,12.911148396955392
1,1,Upper German,1400,fliehen,11.081311434367002
0,1,Upper German,1400,fliehen,11.081311434367002
0,1,Upper German,1400,fliehen,11.081311434367002
1,1,Upper German,1400,verlieren,12.774112848225492
1,1,Upper German,1400,ziehen,12.911148396955392
0,1,Upper German,1400,verlieren,12.774112848225492
1,1,Upper German,1400,verlieren,12.774112848225492
0,1,High German,1668,ziehen,12.911148396955392
0,1,High German,1668,ziehen,12.911148396955392
0,1,High German,1668,ziehen,12.911148396955392
0,1,High German,1668,ziehen,12.911148396955392
0,1,High German,1668,ziehen,12.911148396955392
0,1,High German,1668,ziehen,12.911148396955392
1,1,High German,1668,verlieren,12.774112848225492
1,1,High German,1668,ziehen,12.911148396955392
1,1,High German,1668,ziehen,12.911148396955392
1,1,High German,1668,ziehen,12.911148396955392
0,1,High German,1668,verlieren,12.774112848225492
1,1,High German,1668,verlieren,12.774112848225492
1,1,High German,1668,ziehen,12.911148396955392
0,1,High German,1668,ziehen,12.911148396955392
0,1,High German,1668,ziehen,12.911148396955392
1,1,High German,1668,ziehen,12.911148396955392
1,1,High German,1668,verlieren,12.774112848225492
0,1,High German,1668,ziehen,12.911148396955392
1,1,High German,1668,ziehen,12.911148396955392
1,1,High German,1668,ziehen,12.911148396955392
0,1,High German,1668,ziehen,12.911148396955392
0,1,High German,1668,ziehen,12.911148396955392
0,1,High German,1668,fliehen,11.081311434367002
0,1,High German,1668,verlieren,12.774112848225492
1,1,High German,1668,kiesen,0.0
0,1,High German,1668,ziehen,12.911148396955392
0,1,High German,1668,ziehen,12.911148396955392
0,1,High German,1668,ziehen,12.911148396955392
0,1,High German,1668,ziehen,12.911148396955392
0,1,High German,1668,ziehen,12.911148396955392
0,1,High German,1668,ziehen,12.911148396955392
1,1,High German,1668,ziehen,12.911148396955392
0,1,High German,1668,ziehen,12.911148396955392
0,1,High German,1668,kiesen,0.0
1,1,High German,1668,ziehen,12.911148396955392
0,1,High German,1668,ziehen,12.911148396955392
0,1,High German,1668,ziehen,12.911148396955392
1,1,High German,1668,ziehen,12.911148396955392
1,1,High German,1668,leihen,9.387816877106937
0,1,High German,1668,ziehen,12.911148396955392
0,1,High German,1668,ziehen,12.911148396955392
0,1,Upper German,1486,ziehen,12.911148396955392
0,1,Upper German,1486,ziehen,12.911148396955392
0,1,Upper German,1486,ziehen,12.911148396955392
0,1,Upper German,1486,ziehen,12.911148396955392
0,1,Upper German,1486,ziehen,12.911148396955392
0,1,Upper German,1486,ziehen,12.911148396955392
0,1,Upper German,1486,ziehen,12.911148396955392
0,1,Upper German,1486,verlieren,12.774112848225492
0,1,Upper German,1486,ziehen,12.911148396955392
0,1,Upper German,1486,ziehen,12.911148396955392
0,1,Upper German,1486,ziehen,12.911148396955392
0,1,Upper German,1486,ziehen,12.911148396955392
0,1,Upper German,1486,ziehen,12.911148396955392
0,1,Upper German,1486,ziehen,12.911148396955392
0,1,Upper German,1486,ziehen,12.911148396955392
0,1,Upper German,1486,ziehen,12.911148396955392
0,1,Upper German,1486,ziehen,12.911148396955392
0,1,Upper German,1486,ziehen,12.911148396955392
0,1,Upper German,1486,ziehen,12.911148396955392
0,1,Upper German,1486,ziehen,12.911148396955392
0,1,Upper German,1486,ziehen,12.911148396955392
0,1,Upper German,1486,ziehen,12.911148396955392
0,1,Upper German,1486,ziehen,12.911148396955392
0,1,Upper German,1486,ziehen,12.911148396955392
0,1,Upper German,1486,ziehen,12.911148396955392
1,1,Upper German,1486,verlieren,12.774112848225492
0,1,Upper German,1486,verlieren,12.774112848225492
0,1,Upper German,1486,verlieren,12.774112848225492
0,1,Upper German,1486,ziehen,12.911148396955392
0,1,Upper German,1486,ziehen,12.911148396955392
0,1,Upper German,1486,ziehen,12.911148396955392
0,1,Upper German,1486,ziehen,12.911148396955392
0,1,Upper German,1486,ziehen,12.911148396955392
0,1,Upper German,1486,ziehen,12.911148396955392
0,1,Upper German,1486,verlieren,12.774112848225492
0,1,Upper German,1486,verlieren,12.774112848225492
0,1,Upper German,1486,verlieren,12.774112848225492
0,1,Upper German,1486,verlieren,12.774112848225492
0,1,Upper German,1486,verlieren,12.774112848225492
0,1,Upper German,1486,verlieren,12.774112848225492
0,1,Upper German,1486,ziehen,12.911148396955392
1,1,Upper German,1486,frieren,7.765993079407675
1,1,Upper German,1486,verlieren,12.774112848225492
0,1,Upper German,1486,ziehen,12.911148396955392
1,1,Upper German,1486,verlieren,12.774112848225492
0,1,Upper German,1486,ziehen,12.911148396955392
0,1,Upper German,1486,ziehen,12.911148396955392
0,1,Upper German,1486,ziehen,12.911148396955392
0,1,Upper German,1486,ziehen,12.911148396955392
0,1,Upper German,1486,ziehen,12.911148396955392
0,1,Upper German,1486,ziehen,12.911148396955392
0,1,Upper German,1486,verlieren,12.774112848225492
0,1,Upper German,1486,verlieren,12.774112848225492
0,1,Upper German,1486,verlieren,12.774112848225492
0,1,Upper German,1486,verlieren,12.774112848225492
0,1,Upper German,1486,ziehen,12.911148396955392
0,1,Upper German,1486,ziehen,12.911148396955392
0,1,Upper German,1486,ziehen,12.911148396955392
0,1,Upper German,1486,ziehen,12.911148396955392
0,1,Upper German,1486,ziehen,12.911148396955392
0,1,Upper German,1486,ziehen,12.911148396955392
0,1,Upper German,1486,zeihen,7.979681302387741
0,1,Upper German,1486,ziehen,12.911148396955392
0,1,Upper German,1486,fliehen,11.081311434367002
0,1,Upper German,1486,ziehen,12.911148396955392
0,1,Upper German,1486,ziehen,12.911148396955392
0,1,High German,1350,zeihen,7.979681302387741
1,1,High German,1350,ziehen,12.911148396955392
0,1,High German,1350,fliehen,11.081311434367002
0,1,High German,1350,fliehen,11.081311434367002
0,1,High German,1350,ziehen,12.911148396955392
0,1,High German,1350,fliehen,11.081311434367002
0,1,High German,1350,zeihen,7.979681302387741
1,1,High German,1350,fliehen,11.081311434367002
0,1,High German,1350,verlieren,12.774112848225492
0,1,High German,1350,fliehen,11.081311434367002
0,1,High German,1350,kiesen,0.0
0,1,High German,1350,kiesen,0.0
0,1,High German,1350,kiesen,0.0
0,1,High German,1350,verlieren,12.774112848225492
0,1,High German,1350,verlieren,12.774112848225492
0,1,High German,1350,verlieren,12.774112848225492
0,1,High German,1350,kiesen,0.0
0,1,High German,1350,ziehen,12.911148396955392
1,1,High German,1350,ziehen,12.911148396955392
0,1,High German,1350,verlieren,12.774112848225492
0,1,High German,1350,ziehen,12.911148396955392
0,1,High German,1350,verlieren,12.774112848225492
1,1,High German,1350,ziehen,12.911148396955392
0,1,High German,1350,ziehen,12.911148396955392
0,1,High German,1350,ziehen,12.911148396955392
0,1,High German,1350,kiesen,0.0
0,1,High German,1350,kiesen,0.0
0,1,High German,1350,kiesen,0.0
0,1,High German,1350,kiesen,0.0
0,1,High German,1350,fliehen,11.081311434367002
0,1,High German,1350,kiesen,0.0
1,1,High German,1599,ziehen,12.911148396955392
0,1,High German,1599,ziehen,12.911148396955392
0,1,High German,1599,fliehen,11.081311434367002
1,1,High German,1599,ziehen,12.911148396955392
1,1,High German,1599,ziehen,12.911148396955392
1,1,High German,1599,ziehen,12.911148396955392
1,1,High German,1599,ziehen,12.911148396955392
1,1,High German,1599,ziehen,12.911148396955392
0,1,High German,1599,ziehen,12.911148396955392
1,1,High German,1599,ziehen,12.911148396955392
1,1,High German,1599,ziehen,12.911148396955392
1,1,High German,1599,ziehen,12.911148396955392
1,1,High German,1599,ziehen,12.911148396955392
0,1,High German,1599,ziehen,12.911148396955392
0,1,High German,1599,ziehen,12.911148396955392
1,1,High German,1599,verlieren,12.774112848225492
0,1,High German,1599,ziehen,12.911148396955392
0,1,High German,1599,ziehen,12.911148396955392
0,1,High German,1599,ziehen,12.911148396955392
0,1,High German,1599,ziehen,12.911148396955392
0,1,High German,1599,ziehen,12.911148396955392
0,1,High German,1599,fliehen,11.081311434367002
0,1,High German,1599,ziehen,12.911148396955392
0,1,High German,1599,ziehen,12.911148396955392
0,1,High German,1599,ziehen,12.911148396955392
0,1,High German,1599,fliehen,11.081311434367002
0,1,High German,1599,ziehen,12.911148396955392
0,1,High German,1599,ziehen,12.911148396955392
1,1,High German,1599,ziehen,12.911148396955392
0,1,High German,1599,ziehen,12.911148396955392
1,1,High German,1599,ziehen,12.911148396955392
0,1,High German,1599,ziehen,12.911148396955392
0,1,High German,1599,ziehen,12.911148396955392
0,1,High German,1599,ziehen,12.911148396955392
0,1,High German,1599,ziehen,12.911148396955392
0,1,High German,1599,fliehen,11.081311434367002
0,1,High German,1599,fliehen,11.081311434367002
0,1,High German,1599,ziehen,12.911148396955392
0,1,High German,1599,ziehen,12.911148396955392
1,1,High German,1599,fliehen,11.081311434367002
0,1,High German,1599,ziehen,12.911148396955392
0,1,High German,1599,ziehen,12.911148396955392
0,1,High German,1599,ziehen,12.911148396955392
0,1,High German,1599,ziehen,12.911148396955392
1,1,High German,1599,ziehen,12.911148396955392
1,1,High German,1599,verlieren,12.774112848225492
1,1,High German,1599,ziehen,12.911148396955392
1,1,High German,1599,verlieren,12.774112848225492
0,1,High German,1599,kiesen,0.0
0,1,High German,1599,ziehen,12.911148396955392
0,1,High German,1599,ziehen,12.911148396955392
0,1,High German,1599,ziehen,12.911148396955392
1,1,High German,1599,ziehen,12.911148396955392
0,1,High German,1599,fliehen,11.081311434367002
0,1,High German,1599,ziehen,12.911148396955392
0,1,High German,1599,ziehen,12.911148396955392
1,1,High German,1599,verlieren,12.774112848225492
0,1,High German,1599,fliehen,11.081311434367002
1,1,High German,1599,ziehen,12.911148396955392
1,1,High German,1599,ziehen,12.911148396955392
0,1,High German,1599,fliehen,11.081311434367002
0,1,High German,1599,ziehen,12.911148396955392
0,1,High German,1599,ziehen,12.911148396955392
0,1,High German,1599,fliehen,11.081311434367002
0,1,High German,1599,fliehen,11.081311434367002
0,1,High German,1599,fliehen,11.081311434367002
1,1,High German,1599,fliehen,11.081311434367002
1,1,High German,1599,fliehen,11.081311434367002
0,1,High German,1599,ziehen,12.911148396955392
0,1,High German,1599,ziehen,12.911148396955392
1,1,High German,1599,leihen,9.387816877106937
0,1,High German,1599,ziehen,12.911148396955392
0,1,High German,1599,ziehen,12.911148396955392
0,1,High German,1599,ziehen,12.911148396955392
0,1,High German,1599,ziehen,12.911148396955392
0,1,High German,1599,ziehen,12.911148396955392
0,1,High German,1378,ziehen,12.911148396955392
0,1,High German,1378,verlieren,12.774112848225492
1,1,High German,1378,verlieren,12.774112848225492
1,1,High German,1378,ziehen,12.911148396955392
0,1,High German,1378,verlieren,12.774112848225492
0,1,High German,1378,kiesen,0.0
1,1,High German,1378,fliehen,11.081311434367002
0,1,High German,1378,leihen,9.387816877106937
0,1,High German,1378,verlieren,12.774112848225492
0,1,High German,1378,ziehen,12.911148396955392
0,1,High German,1378,ziehen,12.911148396955392
0,1,High German,1378,verlieren,12.774112848225492
0,1,High German,1378,verlieren,12.774112848225492
1,1,High German,1378,ziehen,12.911148396955392
1,1,High German,1378,fliehen,11.081311434367002
0,1,High German,1378,verlieren,12.774112848225492
0,1,High German,1378,kiesen,0.0
0,1,High German,1378,verlieren,12.774112848225492
0,1,High German,1599,ziehen,12.911148396955392
0,1,High German,1599,verlieren,12.774112848225492
1,1,High German,1599,verlieren,12.774112848225492
1,1,High German,1599,ziehen,12.911148396955392
0,1,High German,1599,verlieren,12.774112848225492
0,1,High German,1599,ziehen,12.911148396955392
0,1,High German,1599,ziehen,12.911148396955392
1,1,High German,1599,verlieren,12.774112848225492
1,1,High German,1599,ziehen,12.911148396955392
0,1,High German,1599,leihen,9.387816877106937
0,1,High German,1599,ziehen,12.911148396955392
0,1,High German,1599,fliehen,11.081311434367002
1,1,High German,1599,ziehen,12.911148396955392
0,1,High German,1599,ziehen,12.911148396955392
0,1,High German,1599,ziehen,12.911148396955392
0,1,High German,1599,ziehen,12.911148396955392
0,1,High German,1599,ziehen,12.911148396955392
0,1,High German,1599,ziehen,12.911148396955392
0,1,High German,1599,fliehen,11.081311434367002
1,1,High German,1599,ziehen,12.911148396955392
1,1,High German,1599,verlieren,12.774112848225492
0,1,High German,1599,ziehen,12.911148396955392
0,1,High German,1599,ziehen,12.911148396955392
1,1,High German,1599,verlieren,12.774112848225492
0,1,High German,1599,verlieren,12.774112848225492
0,1,High German,1599,ziehen,12.911148396955392
0,1,High German,1599,ziehen,12.911148396955392
0,1,High German,1599,ziehen,12.911148396955392
0,1,High German,1599,ziehen,12.911148396955392
0,1,High German,1599,fliehen,11.081311434367002
0,1,High German,1599,verlieren,12.774112848225492
0,1,High German,1599,ziehen,12.911148396955392
0,1,High German,1599,ziehen,12.911148396955392
0,1,High German,1599,fliehen,11.081311434367002
1,1,High German,1599,verlieren,12.774112848225492
1,1,High German,1599,ziehen,12.911148396955392
0,1,High German,1599,ziehen,12.911148396955392
0,1,High German,1599,ziehen,12.911148396955392
0,1,High German,1599,verlieren,12.774112848225492
1,1,High German,1599,fliehen,11.081311434367002
0,1,Upper German,1660,ziehen,12.911148396955392
0,1,Upper German,1660,ziehen,12.911148396955392
1,1,Upper German,1660,ziehen,12.911148396955392
0,1,Upper German,1660,ziehen,12.911148396955392
0,1,Upper German,1660,ziehen,12.911148396955392
0,1,Upper German,1660,ziehen,12.911148396955392
0,1,Upper German,1660,ziehen,12.911148396955392
1,1,Upper German,1660,frieren,7.765993079407675
1,1,Upper German,1660,ziehen,12.911148396955392
1,1,Upper German,1660,ziehen,12.911148396955392
1,1,Upper German,1660,ziehen,12.911148396955392
1,1,Upper German,1660,ziehen,12.911148396955392
1,1,Upper German,1660,ziehen,12.911148396955392
1,1,Upper German,1660,ziehen,12.911148396955392
0,1,Upper German,1660,ziehen,12.911148396955392
0,1,Upper German,1660,zeihen,7.979681302387741
0,1,Upper German,1660,ziehen,12.911148396955392
1,1,Upper German,1660,ziehen,12.911148396955392
1,1,Upper German,1660,ziehen,12.911148396955392
1,1,Upper German,1660,ziehen,12.911148396955392
1,1,Upper German,1660,ziehen,12.911148396955392
1,1,Upper German,1660,ziehen,12.911148396955392
1,1,Upper German,1660,ziehen,12.911148396955392
1,1,Upper German,1660,ziehen,12.911148396955392
1,1,Upper German,1660,leihen,9.387816877106937
1,1,Upper German,1660,ziehen,12.911148396955392
1,1,Upper German,1660,ziehen,12.911148396955392
0,1,Upper German,1660,ziehen,12.911148396955392
1,1,Upper German,1660,ziehen,12.911148396955392
1,1,Upper German,1660,ziehen,12.911148396955392
0,1,Upper German,1660,ziehen,12.911148396955392
1,1,Upper German,1660,verlieren,12.774112848225492
1,1,Upper German,1660,ziehen,12.911148396955392
1,1,Upper German,1660,ziehen,12.911148396955392
1,1,Upper German,1660,ziehen,12.911148396955392
1,1,Upper German,1660,ziehen,12.911148396955392
1,1,Upper German,1660,ziehen,12.911148396955392
1,1,Upper German,1660,verlieren,12.774112848225492
1,1,Upper German,1660,ziehen,12.911148396955392
1,1,Upper German,1660,ziehen,12.911148396955392
1,1,Upper German,1660,ziehen,12.911148396955392
1,1,Upper German,1660,ziehen,12.911148396955392
1,1,Upper German,1660,fliehen,11.081311434367002
1,1,Upper German,1660,ziehen,12.911148396955392
1,1,Upper German,1660,ziehen,12.911148396955392
1,1,Upper German,1660,fliehen,11.081311434367002
1,1,Upper German,1660,ziehen,12.911148396955392
0,1,Upper German,1660,verlieren,12.774112848225492
1,1,Upper German,1660,ziehen,12.911148396955392
1,1,Upper German,1660,ziehen,12.911148396955392
1,1,High German,1463,leihen,9.387816877106937
0,1,High German,1463,verlieren,12.774112848225492
0,1,High German,1463,zeihen,7.979681302387741
0,1,High German,1463,verlieren,12.774112848225492
0,1,High German,1463,ziehen,12.911148396955392
0,1,High German,1463,zeihen,7.979681302387741
0,1,High German,1463,ziehen,12.911148396955392
0,1,High German,1463,ziehen,12.911148396955392
0,1,High German,1463,leihen,9.387816877106937
0,1,High German,1463,fliehen,11.081311434367002
0,1,High German,1463,leihen,9.387816877106937
0,1,High German,1463,leihen,9.387816877106937
0,1,High German,1463,leihen,9.387816877106937
0,1,High German,1463,ziehen,12.911148396955392
0,1,High German,1463,ziehen,12.911148396955392
0,1,High German,1463,ziehen,12.911148396955392
0,1,High German,1463,ziehen,12.911148396955392
1,1,High German,1463,verlieren,12.774112848225492
0,1,High German,1463,ziehen,12.911148396955392
0,1,High German,1463,ziehen,12.911148396955392
0,1,High German,1463,fliehen,11.081311434367002
1,1,High German,1463,fliehen,11.081311434367002
0,1,High German,1463,zeihen,7.979681302387741
0,1,High German,1463,zeihen,7.979681302387741
0,1,High German,1463,ziehen,12.911148396955392
0,1,High German,1463,verlieren,12.774112848225492
1,1,High German,1463,ziehen,12.911148396955392
1,1,High German,1463,verlieren,12.774112848225492
0,1,Upper German,1582,ziehen,12.911148396955392
0,1,Upper German,1582,ziehen,12.911148396955392
0,1,Upper German,1582,ziehen,12.911148396955392
1,1,Upper German,1582,verlieren,12.774112848225492
1,1,Upper German,1582,ziehen,12.911148396955392
0,1,Upper German,1582,ziehen,12.911148396955392
0,1,Upper German,1582,ziehen,12.911148396955392
1,1,Upper German,1582,ziehen,12.911148396955392
1,1,Upper German,1582,verlieren,12.774112848225492
0,1,Upper German,1582,verlieren,12.774112848225492
0,1,Upper German,1582,ziehen,12.911148396955392
1,1,Upper German,1582,verlieren,12.774112848225492
1,1,Upper German,1582,verlieren,12.774112848225492
0,1,Upper German,1582,ziehen,12.911148396955392
0,1,Upper German,1582,ziehen,12.911148396955392
0,1,Upper German,1582,ziehen,12.911148396955392
0,1,Upper German,1582,ziehen,12.911148396955392
0,1,Upper German,1582,ziehen,12.911148396955392
0,1,Upper German,1582,ziehen,12.911148396955392
0,1,Upper German,1582,ziehen,12.911148396955392
0,1,Upper German,1582,ziehen,12.911148396955392
0,1,Upper German,1582,ziehen,12.911148396955392
0,1,Upper German,1582,ziehen,12.911148396955392
0,1,Upper German,1582,ziehen,12.911148396955392
0,1,High German,1390,ziehen,12.911148396955392
0,1,High German,1390,verlieren,12.774112848225492
0,1,High German,1390,ziehen,12.911148396955392
0,1,High German,1390,verlieren,12.774112848225492
0,1,High German,1390,ziehen,12.911148396955392
0,1,High German,1390,ziehen,12.911148396955392
0,1,High German,1390,ziehen,12.911148396955392
0,1,High German,1390,ziehen,12.911148396955392
0,1,High German,1390,verlieren,12.774112848225492
0,1,High German,1475,ziehen,12.911148396955392
1,1,High German,1475,ziehen,12.911148396955392
0,1,High German,1475,ziehen,12.911148396955392
0,1,High German,1475,ziehen,12.911148396955392
0,1,High German,1475,fliehen,11.081311434367002
0,1,High German,1475,fliehen,11.081311434367002
0,1,High German,1475,ziehen,12.911148396955392
0,1,High German,1475,ziehen,12.911148396955392
0,1,High German,1475,ziehen,12.911148396955392
1,1,High German,1475,ziehen,12.911148396955392
1,1,High German,1475,ziehen,12.911148396955392
0,1,High German,1475,ziehen,12.911148396955392
0,1,High German,1475,ziehen,12.911148396955392
1,1,High German,1475,ziehen,12.911148396955392
1,1,High German,1475,ziehen,12.911148396955392
0,1,High German,1475,ziehen,12.911148396955392
1,1,High German,1475,ziehen,12.911148396955392
0,1,High German,1475,ziehen,12.911148396955392
1,1,High German,1475,kiesen,0.0
1,1,High German,1475,ziehen,12.911148396955392
0,1,High German,1475,ziehen,12.911148396955392
0,1,High German,1475,ziehen,12.911148396955392
0,1,High German,1699,ziehen,12.911148396955392
0,1,High German,1699,ziehen,12.911148396955392
1,1,High German,1699,ziehen,12.911148396955392
0,1,High German,1699,ziehen,12.911148396955392
0,1,High German,1699,ziehen,12.911148396955392
0,1,High German,1699,ziehen,12.911148396955392
0,1,High German,1699,ziehen,12.911148396955392
0,1,High German,1699,ziehen,12.911148396955392
0,1,High German,1699,ziehen,12.911148396955392
0,1,High German,1699,ziehen,12.911148396955392
0,1,High German,1699,verlieren,12.774112848225492
0,1,High German,1699,ziehen,12.911148396955392
1,1,High German,1699,verlieren,12.774112848225492
0,1,High German,1699,ziehen,12.911148396955392
1,1,High German,1699,ziehen,12.911148396955392
1,1,High German,1699,ziehen,12.911148396955392
0,1,High German,1699,ziehen,12.911148396955392
0,1,High German,1699,ziehen,12.911148396955392
1,1,High German,1699,verlieren,12.774112848225492
0,1,High German,1699,ziehen,12.911148396955392
0,1,High German,1699,ziehen,12.911148396955392
0,1,High German,1699,ziehen,12.911148396955392
1,1,High German,1699,verlieren,12.774112848225492
1,1,High German,1699,ziehen,12.911148396955392
0,1,High German,1699,ziehen,12.911148396955392
0,1,High German,1699,verlieren,12.774112848225492
0,1,High German,1699,ziehen,12.911148396955392
0,1,High German,1699,ziehen,12.911148396955392
0,1,High German,1699,ziehen,12.911148396955392
1,1,High German,1699,ziehen,12.911148396955392
1,1,High German,1699,verlieren,12.774112848225492
0,1,Low German,1498,ziehen,12.911148396955392
0,1,Low German,1498,ziehen,12.911148396955392
0,1,Low German,1498,ziehen,12.911148396955392
0,1,Low German,1498,ziehen,12.911148396955392
0,1,Low German,1498,ziehen,12.911148396955392
0,1,Low German,1498,ziehen,12.911148396955392
0,1,Low German,1498,ziehen,12.911148396955392
0,1,Low German,1498,ziehen,12.911148396955392
0,1,Low German,1498,ziehen,12.911148396955392
0,1,Low German,1498,ziehen,12.911148396955392
0,1,Low German,1498,ziehen,12.911148396955392
0,1,Low German,1498,ziehen,12.911148396955392
1,1,Low German,1498,ziehen,12.911148396955392
0,1,Low German,1498,ziehen,12.911148396955392
0,1,Low German,1498,ziehen,12.911148396955392
0,1,Low German,1498,fliehen,11.081311434367002
0,1,Low German,1498,ziehen,12.911148396955392
0,1,Low German,1498,ziehen,12.911148396955392
0,1,Low German,1498,zeihen,7.979681302387741
0,1,Low German,1498,ziehen,12.911148396955392
0,1,Low German,1498,ziehen,12.911148396955392
1,1,Low German,1498,fliehen,11.081311434367002
0,1,Low German,1498,fliehen,11.081311434367002
1,1,Low German,1498,fliehen,11.081311434367002
0,1,Low German,1498,fliehen,11.081311434367002
0,1,Low German,1498,verlieren,12.774112848225492
0,1,Low German,1498,fliehen,11.081311434367002
1,1,Low German,1498,fliehen,11.081311434367002
0,1,Low German,1498,fliehen,11.081311434367002
0,1,Low German,1498,leihen,9.387816877106937
0,1,Low German,1498,frieren,7.765993079407675
1,1,Low German,1498,frieren,7.765993079407675
0,1,Low German,1498,verlieren,12.774112848225492
0,1,Low German,1498,ziehen,12.911148396955392
0,1,Low German,1498,ziehen,12.911148396955392
1,1,Low German,1498,verlieren,12.774112848225492
1,1,Low German,1498,ziehen,12.911148396955392
0,1,Low German,1498,ziehen,12.911148396955392
0,1,Low German,1498,ziehen,12.911148396955392
0,1,Low German,1498,ziehen,12.911148396955392
0,1,Low German,1653,ziehen,12.911148396955392
1,1,Low German,1653,ziehen,12.911148396955392
0,1,Low German,1653,ziehen,12.911148396955392
1,1,Low German,1653,ziehen,12.911148396955392
0,1,Low German,1653,ziehen,12.911148396955392
0,1,Low German,1653,ziehen,12.911148396955392
0,1,Low German,1653,ziehen,12.911148396955392
0,1,Low German,1653,ziehen,12.911148396955392
1,1,Low German,1653,ziehen,12.911148396955392
0,1,Low German,1653,ziehen,12.911148396955392
0,1,Low German,1653,ziehen,12.911148396955392
0,1,Low German,1653,fliehen,11.081311434367002
0,1,Low German,1653,ziehen,12.911148396955392
0,1,Low German,1653,ziehen,12.911148396955392
0,1,Low German,1653,ziehen,12.911148396955392
1,1,Low German,1653,ziehen,12.911148396955392
0,1,Low German,1653,ziehen,12.911148396955392
0,1,Low German,1653,ziehen,12.911148396955392
0,1,Low German,1653,ziehen,12.911148396955392
0,1,Low German,1653,ziehen,12.911148396955392
1,1,Low German,1653,ziehen,12.911148396955392
0,1,Low German,1653,ziehen,12.911148396955392
0,1,Upper German,1556,ziehen,12.911148396955392
1,1,Upper German,1556,verlieren,12.774112848225492
0,1,Upper German,1556,ziehen,12.911148396955392
0,1,Upper German,1556,ziehen,12.911148396955392
0,1,Upper German,1556,ziehen,12.911148396955392
0,1,Upper German,1556,ziehen,12.911148396955392
0,1,Upper German,1556,zeihen,7.979681302387741
0,1,Upper German,1556,ziehen,12.911148396955392
0,1,Upper German,1556,ziehen,12.911148396955392
0,1,Upper German,1556,ziehen,12.911148396955392
0,1,Upper German,1556,ziehen,12.911148396955392
0,1,Upper German,1556,leihen,9.387816877106937
0,1,Upper German,1556,leihen,9.387816877106937
1,1,Upper German,1556,leihen,9.387816877106937
0,1,Upper German,1556,ziehen,12.911148396955392
0,1,Upper German,1556,ziehen,12.911148396955392
0,1,Upper German,1556,ziehen,12.911148396955392
0,1,Upper German,1556,zeihen,7.979681302387741
0,1,Upper German,1556,ziehen,12.911148396955392
0,1,Upper German,1556,ziehen,12.911148396955392
1,1,Upper German,1556,ziehen,12.911148396955392
1,1,Upper German,1556,leihen,9.387816877106937
0,1,Upper German,1556,ziehen,12.911148396955392
0,1,Upper German,1556,ziehen,12.911148396955392
0,1,Upper German,1556,ziehen,12.911148396955392
0,1,Upper German,1556,ziehen,12.911148396955392
0,1,Upper German,1556,ziehen,12.911148396955392
0,1,Upper German,1556,ziehen,12.911148396955392
0,1,Upper German,1556,leihen,9.387816877106937
0,1,Upper German,1556,ziehen,12.911148396955392
0,1,Upper German,1556,ziehen,12.911148396955392
1,1,Upper German,1556,ziehen,12.911148396955392
0,1,Upper German,1556,ziehen,12.911148396955392
0,1,Upper German,1556,ziehen,12.911148396955392
0,1,Upper German,1556,leihen,9.387816877106937
0,1,Upper German,1392,zeihen,7.979681302387741
0,1,Upper German,1392,ziehen,12.911148396955392
0,1,Upper German,1392,verlieren,12.774112848225492
0,1,Upper German,1392,ziehen,12.911148396955392
0,1,Upper German,1392,ziehen,12.911148396955392
0,1,Upper German,1392,ziehen,12.911148396955392
0,1,Upper German,1392,ziehen,12.911148396955392
1,1,Upper German,1392,ziehen,12.911148396955392
0,1,Upper German,1392,ziehen,12.911148396955392
0,1,Upper German,1392,ziehen,12.911148396955392
0,1,Upper German,1392,verlieren,12.774112848225492
0,1,Upper German,1392,ziehen,12.911148396955392
0,1,Upper German,1392,ziehen,12.911148396955392
0,1,Upper German,1392,verlieren,12.774112848225492
0,1,Upper German,1392,ziehen,12.911148396955392
0,1,Upper German,1392,ziehen,12.911148396955392
0,1,Upper German,1392,zeihen,7.979681302387741
0,1,Upper German,1392,verlieren,12.774112848225492
0,1,Upper German,1392,ziehen,12.911148396955392
0,1,Upper German,1392,ziehen,12.911148396955392
0,1,Upper German,1392,ziehen,12.911148396955392
0,1,Upper German,1392,ziehen,12.911148396955392
0,1,Upper German,1392,ziehen,12.911148396955392
1,1,Upper German,1392,fliehen,11.081311434367002
0,1,Upper German,1392,verlieren,12.774112848225492
0,1,Upper German,1392,ziehen,12.911148396955392
0,1,Upper German,1392,ziehen,12.911148396955392
0,1,Upper German,1392,verlieren,12.774112848225492
0,1,Upper German,1392,ziehen,12.911148396955392
1,1,Upper German,1392,fliehen,11.081311434367002
0,1,Upper German,1392,verlieren,12.774112848225492
0,1,Upper German,1392,ziehen,12.911148396955392
0,1,Upper German,1392,ziehen,12.911148396955392
0,1,Upper German,1392,ziehen,12.911148396955392
0,1,Upper German,1392,ziehen,12.911148396955392
0,1,Upper German,1392,ziehen,12.911148396955392
0,1,Upper German,1392,ziehen,12.911148396955392
0,1,Upper German,1392,ziehen,12.911148396955392
0,1,Upper German,1392,ziehen,12.911148396955392
0,1,Upper German,1392,ziehen,12.911148396955392
0,1,Upper German,1392,ziehen,12.911148396955392
0,1,Upper German,1392,ziehen,12.911148396955392
0,1,Upper German,1392,verlieren,12.774112848225492
0,1,Upper German,1392,ziehen,12.911148396955392
1,1,Upper German,1650,verlieren,12.774112848225492
0,1,Upper German,1650,ziehen,12.911148396955392
0,1,Upper German,1650,ziehen,12.911148396955392
0,1,Upper German,1650,ziehen,12.911148396955392
1,1,Upper German,1650,ziehen,12.911148396955392
0,1,Upper German,1650,fliehen,11.081311434367002
0,1,Upper German,1650,ziehen,12.911148396955392
1,1,Upper German,1650,ziehen,12.911148396955392
1,1,Upper German,1650,ziehen,12.911148396955392
0,1,Upper German,1650,fliehen,11.081311434367002
0,1,Upper German,1650,ziehen,12.911148396955392
0,1,Upper German,1650,ziehen,12.911148396955392
0,1,Upper German,1650,verlieren,12.774112848225492
0,1,Upper German,1650,ziehen,12.911148396955392
1,1,Upper German,1650,verlieren,12.774112848225492
0,1,Upper German,1650,verlieren,12.774112848225492
0,1,Upper German,1650,ziehen,12.911148396955392
0,1,Upper German,1650,ziehen,12.911148396955392
0,1,Upper German,1650,verlieren,12.774112848225492
0,1,Upper German,1650,verlieren,12.774112848225492
0,1,Upper German,1650,verlieren,12.774112848225492
0,1,Upper German,1650,gedeihen,9.515616752828915
0,1,Upper German,1490,ziehen,12.911148396955392
1,1,Upper German,1490,zeihen,7.979681302387741
0,1,Upper German,1490,ziehen,12.911148396955392
0,1,Upper German,1490,ziehen,12.911148396955392
0,1,Upper German,1490,zeihen,7.979681302387741
0,1,Upper German,1490,ziehen,12.911148396955392
0,1,Upper German,1490,fliehen,11.081311434367002
0,1,Upper German,1490,fliehen,11.081311434367002
0,1,Upper German,1490,fliehen,11.081311434367002
0,1,Upper German,1490,ziehen,12.911148396955392
0,1,Upper German,1490,ziehen,12.911148396955392
0,1,Upper German,1490,ziehen,12.911148396955392
0,1,Upper German,1490,ziehen,12.911148396955392
0,1,Upper German,1490,fliehen,11.081311434367002
1,1,Upper German,1490,frieren,7.765993079407675
0,1,Upper German,1490,ziehen,12.911148396955392
0,1,Upper German,1490,verlieren,12.774112848225492
0,1,Upper German,1490,fliehen,11.081311434367002
0,1,Upper German,1490,ziehen,12.911148396955392
0,1,Low German,1325,verlieren,12.774112848225492
0,1,Low German,1325,leihen,9.387816877106937
0,1,Low German,1325,kiesen,0.0
0,1,Low German,1325,verlieren,12.774112848225492
1,1,Low German,1325,ziehen,12.911148396955392
0,1,Low German,1325,verlieren,12.774112848225492
0,1,Low German,1325,ziehen,12.911148396955392
0,1,Low German,1325,ziehen,12.911148396955392
0,1,Low German,1325,ziehen,12.911148396955392
0,1,Low German,1325,ziehen,12.911148396955392
0,1,Low German,1325,ziehen,12.911148396955392
0,1,Low German,1325,ziehen,12.911148396955392
0,1,Low German,1325,kiesen,0.0
1,1,Low German,1325,leihen,9.387816877106937
0,1,Low German,1325,verlieren,12.774112848225492
0,1,Low German,1325,ziehen,12.911148396955392
0,1,Low German,1325,ziehen,12.911148396955392
0,1,Low German,1325,ziehen,12.911148396955392
0,1,Low German,1325,ziehen,12.911148396955392
0,1,Low German,1325,verlieren,12.774112848225492
0,1,Low German,1325,verlieren,12.774112848225492
0,1,Low German,1325,ziehen,12.911148396955392
0,1,Low German,1325,ziehen,12.911148396955392
0,1,Low German,1325,verlieren,12.774112848225492
0,1,Low German,1325,ziehen,12.911148396955392
0,1,Low German,1325,ziehen,12.911148396955392
0,1,Low German,1556,ziehen,12.911148396955392
1,1,Low German,1556,verlieren,12.774112848225492
0,1,Low German,1556,fliehen,11.081311434367002
0,1,Low German,1556,ziehen,12.911148396955392
0,1,Low German,1556,ziehen,12.911148396955392
0,1,Low German,1556,ziehen,12.911148396955392
0,1,Low German,1556,ziehen,12.911148396955392
0,1,Low German,1556,ziehen,12.911148396955392
0,1,Low German,1556,ziehen,12.911148396955392
0,1,Low German,1556,ziehen,12.911148396955392
0,1,Low German,1556,ziehen,12.911148396955392
0,1,Low German,1556,ziehen,12.911148396955392
0,1,Low German,1396,kiesen,0.0
1,1,Low German,1396,leihen,9.387816877106937
1,1,Low German,1396,fliehen,11.081311434367002
0,1,Low German,1396,ziehen,12.911148396955392
0,1,Low German,1396,kiesen,0.0
0,1,Low German,1396,zeihen,7.979681302387741
1,1,Low German,1396,ziehen,12.911148396955392
0,1,Low German,1396,zeihen,7.979681302387741
0,1,Low German,1396,zeihen,7.979681302387741
0,1,Low German,1396,zeihen,7.979681302387741
1,1,Low German,1396,kiesen,0.0
1,1,Low German,1396,kiesen,0.0
0,1,Low German,1396,verlieren,12.774112848225492
1,1,Low German,1396,fliehen,11.081311434367002
0,1,Low German,1396,verlieren,12.774112848225492
1,1,Low German,1396,fliehen,11.081311434367002
0,1,Low German,1587,ziehen,12.911148396955392
0,1,Low German,1587,ziehen,12.911148396955392
0,1,Low German,1587,verlieren,12.774112848225492
0,1,Low German,1587,ziehen,12.911148396955392
0,1,Low German,1587,ziehen,12.911148396955392
0,1,Low German,1587,zeihen,7.979681302387741
0,1,Low German,1587,ziehen,12.911148396955392
0,1,Low German,1587,ziehen,12.911148396955392
1,1,Low German,1587,ziehen,12.911148396955392
0,1,Low German,1587,ziehen,12.911148396955392
0,1,Upper German,1678,ziehen,12.911148396955392
0,1,Upper German,1678,kiesen,0.0
1,1,Upper German,1678,leihen,9.387816877106937
1,1,Upper German,1678,leihen,9.387816877106937
1,1,Upper German,1678,leihen,9.387816877106937
1,1,Upper German,1678,leihen,9.387816877106937
1,1,Upper German,1678,leihen,9.387816877106937
1,1,Upper German,1678,leihen,9.387816877106937
1,1,Upper German,1678,leihen,9.387816877106937
1,1,Upper German,1678,leihen,9.387816877106937
1,1,Upper German,1678,leihen,9.387816877106937
1,1,Upper German,1678,leihen,9.387816877106937
0,1,Upper German,1678,ziehen,12.911148396955392
0,1,Upper German,1678,ziehen,12.911148396955392
0,1,Upper German,1678,leihen,9.387816877106937
0,1,Upper German,1678,ziehen,12.911148396955392
0,1,Upper German,1678,ziehen,12.911148396955392
1,1,Upper German,1678,verlieren,12.774112848225492
0,1,Upper German,1678,verlieren,12.774112848225492
0,1,Upper German,1678,ziehen,12.911148396955392
0,1,Upper German,1678,verlieren,12.774112848225492
0,1,Upper German,1678,verlieren,12.774112848225492
0,1,Upper German,1678,verlieren,12.774112848225492
0,1,Upper German,1678,ziehen,12.911148396955392
1,1,Upper German,1678,zeihen,7.979681302387741
1,1,Upper German,1678,ziehen,12.911148396955392
0,1,Upper German,1678,verlieren,12.774112848225492
0,1,Upper German,1678,ziehen,12.911148396955392
0,1,Upper German,1678,ziehen,12.911148396955392
0,1,Upper German,1678,ziehen,12.911148396955392
1,1,Upper German,1678,leihen,9.387816877106937
0,1,Upper German,1678,ziehen,12.911148396955392
0,1,Upper German,1678,ziehen,12.911148396955392
0,1,Upper German,1678,verlieren,12.774112848225492
0,1,Upper German,1678,verlieren,12.774112848225492
0,1,Upper German,1678,ziehen,12.911148396955392
0,1,Upper German,1497,verlieren,12.774112848225492
0,1,Upper German,1497,verlieren,12.774112848225492
0,1,Upper German,1497,verlieren,12.774112848225492
0,1,Upper German,1497,verlieren,12.774112848225492
0,1,Upper German,1497,verlieren,12.774112848225492
0,1,Upper German,1497,verlieren,12.774112848225492
0,1,Upper German,1497,verlieren,12.774112848225492
0,1,Upper German,1497,leihen,9.387816877106937
0,1,Upper German,1497,ziehen,12.911148396955392
0,1,Upper German,1497,ziehen,12.911148396955392
0,1,Upper German,1497,ziehen,12.911148396955392
0,1,Upper German,1497,ziehen,12.911148396955392
0,1,Upper German,1497,ziehen,12.911148396955392
0,1,Upper German,1497,ziehen,12.911148396955392
0,1,Upper German,1497,ziehen,12.911148396955392
1,1,Upper German,1497,ziehen,12.911148396955392
1,1,Upper German,1497,ziehen,12.911148396955392
0,1,Upper German,1497,verlieren,12.774112848225492
0,1,Upper German,1497,ziehen,12.911148396955392
1,1,Upper German,1497,ziehen,12.911148396955392
0,1,Upper German,1497,verlieren,12.774112848225492
0,1,Upper German,1497,ziehen,12.911148396955392
0,1,Upper German,1497,ziehen,12.911148396955392
0,1,Upper German,1497,ziehen,12.911148396955392
0,1,Upper German,1497,ziehen,12.911148396955392
0,1,Upper German,1497,ziehen,12.911148396955392
0,1,Upper German,1497,ziehen,12.911148396955392
0,1,Upper German,1497,ziehen,12.911148396955392
0,1,Upper German,1497,ziehen,12.911148396955392
0,1,Upper German,1497,ziehen,12.911148396955392
0,1,Upper German,1497,ziehen,12.911148396955392
0,1,Upper German,1497,ziehen,12.911148396955392
0,1,Upper German,1497,ziehen,12.911148396955392
0,1,Upper German,1497,ziehen,12.911148396955392
0,1,Upper German,1497,ziehen,12.911148396955392
0,1,Upper German,1497,ziehen,12.911148396955392
0,1,Upper German,1497,ziehen,12.911148396955392
0,1,Upper German,1497,ziehen,12.911148396955392
0,1,Upper German,1497,ziehen,12.911148396955392
0,1,Upper German,1497,ziehen,12.911148396955392
0,1,Upper German,1497,ziehen,12.911148396955392
0,1,Upper German,1497,ziehen,12.911148396955392
0,1,Upper German,1497,ziehen,12.911148396955392
0,1,Upper German,1497,ziehen,12.911148396955392
1,1,Upper German,1497,verlieren,12.774112848225492
0,1,Upper German,1497,verlieren,12.774112848225492
0,1,Upper German,1497,ziehen,12.911148396955392
0,1,Upper German,1497,ziehen,12.911148396955392
0,1,Upper German,1497,ziehen,12.911148396955392
0,1,Upper German,1497,ziehen,12.911148396955392
0,1,Upper German,1497,ziehen,12.911148396955392
0,1,Upper German,1497,ziehen,12.911148396955392
0,1,Upper German,1497,ziehen,12.911148396955392
0,1,Upper German,1497,ziehen,12.911148396955392
1,1,Upper German,1497,ziehen,12.911148396955392
1,1,Upper German,1497,ziehen,12.911148396955392
0,1,Upper German,1497,ziehen,12.911148396955392
0,1,Upper German,1497,ziehen,12.911148396955392
0,1,Upper German,1497,ziehen,12.911148396955392
0,1,Upper German,1497,ziehen,12.911148396955392
0,1,Upper German,1497,ziehen,12.911148396955392
0,1,Upper German,1497,ziehen,12.911148396955392
0,1,Upper German,1497,ziehen,12.911148396955392
0,1,Upper German,1497,ziehen,12.911148396955392
0,1,Upper German,1497,ziehen,12.911148396955392
0,1,Upper German,1497,leihen,9.387816877106937
0,1,Upper German,1497,ziehen,12.911148396955392
0,1,Upper German,1497,ziehen,12.911148396955392
0,1,Upper German,1497,ziehen,12.911148396955392
0,1,Upper German,1497,ziehen,12.911148396955392
0,1,Upper German,1557,ziehen,12.911148396955392
1,1,Upper German,1557,verlieren,12.774112848225492
0,1,Upper German,1557,fliehen,11.081311434367002
0,1,Upper German,1557,ziehen,12.911148396955392
0,1,Upper German,1557,ziehen,12.911148396955392
0,1,Upper German,1557,ziehen,12.911148396955392
1,1,Upper German,1557,verlieren,12.774112848225492
0,1,Upper German,1557,ziehen,12.911148396955392
0,1,Upper German,1557,ziehen,12.911148396955392
0,1,Upper German,1557,ziehen,12.911148396955392
0,1,Upper German,1557,ziehen,12.911148396955392
0,1,Upper German,1557,ziehen,12.911148396955392
1,1,Upper German,1557,verlieren,12.774112848225492
0,1,Upper German,1557,ziehen,12.911148396955392
0,1,Upper German,1360,ziehen,12.911148396955392
1,1,Upper German,1360,verlieren,12.774112848225492
1,1,Upper German,1360,leihen,9.387816877106937
0,1,Upper German,1360,verlieren,12.774112848225492
0,1,Upper German,1360,kiesen,0.0
0,1,Low German,1499,ziehen,12.911148396955392
0,1,Low German,1499,ziehen,12.911148396955392
0,1,Low German,1499,fliehen,11.081311434367002
0,1,Low German,1499,ziehen,12.911148396955392
0,1,Low German,1499,frieren,7.765993079407675
0,1,Low German,1499,leihen,9.387816877106937
0,1,Low German,1499,ziehen,12.911148396955392
0,1,Low German,1499,fliehen,11.081311434367002
0,1,Low German,1499,fliehen,11.081311434367002
0,1,Low German,1499,fliehen,11.081311434367002
0,1,Low German,1499,verlieren,12.774112848225492
0,1,Low German,1499,ziehen,12.911148396955392
0,1,Low German,1499,ziehen,12.911148396955392
0,1,Low German,1684,ziehen,12.911148396955392
0,1,Low German,1684,ziehen,12.911148396955392
0,1,Low German,1684,ziehen,12.911148396955392
0,1,Low German,1684,leihen,9.387816877106937
0,1,Low German,1684,ziehen,12.911148396955392
0,1,Low German,1684,zeihen,7.979681302387741
1,1,Low German,1684,fliehen,11.081311434367002
0,1,Low German,1684,verlieren,12.774112848225492
1,1,Low German,1684,verlieren,12.774112848225492
0,1,Low German,1684,ziehen,12.911148396955392
0,1,Low German,1684,zeihen,7.979681302387741
0,1,Low German,1684,verlieren,12.774112848225492
0,1,Low German,1684,ziehen,12.911148396955392
0,1,Low German,1684,ziehen,12.911148396955392
1,1,Low German,1684,ziehen,12.911148396955392
0,1,Low German,1684,ziehen,12.911148396955392
0,1,Low German,1684,ziehen,12.911148396955392
1,1,Low German,1684,verlieren,12.774112848225492
0,1,Low German,1684,ziehen,12.911148396955392
0,1,Low German,1684,ziehen,12.911148396955392
0,1,Low German,1684,gedeihen,9.515616752828915
0,1,Low German,1684,ziehen,12.911148396955392
0,1,Low German,1684,verlieren,12.774112848225492
0,1,Low German,1684,ziehen,12.911148396955392
1,1,Low German,1684,verlieren,12.774112848225492
0,1,Low German,1684,ziehen,12.911148396955392
0,1,Low German,1684,ziehen,12.911148396955392
0,1,High German,1325,leihen,9.387816877106937
0,0,High German,1325,fliehen,11.081311434367002
0,0,High German,1325,fliehen,11.081311434367002
1,0,High German,1325,fliehen,11.081311434367002
0,1,High German,1325,verlieren,12.774112848225492
0,1,High German,1325,kiesen,0.0
0,1,High German,1325,verlieren,12.774112848225492
1,1,High German,1325,leihen,9.387816877106937
0,1,High German,1325,verlieren,12.774112848225492
0,0,High German,1325,fliehen,11.081311434367002
0,1,High German,1325,verlieren,12.774112848225492
0,1,High German,1325,ziehen,12.911148396955392
0,1,High German,1325,verlieren,12.774112848225492
1,0,High German,1325,fliehen,11.081311434367002
0,1,High German,1325,ziehen,12.911148396955392
1,1,High German,1325,leihen,9.387816877106937
0,0,High German,1325,fliehen,11.081311434367002
0,1,High German,1325,ziehen,12.911148396955392
0,0,High German,1325,fliehen,11.081311434367002
0,1,High German,1150,kiesen,0.0
0,1,High German,1150,verlieren,12.774112848225492
0,0,High German,1225,fliehen,11.081311434367002
0,1,High German,1225,kiesen,0.0
0,1,High German,1225,leihen,9.387816877106937
0,1,High German,1225,verlieren,12.774112848225492
0,1,High German,1225,leihen,9.387816877106937
0,1,High German,1225,leihen,9.387816877106937
0,1,High German,1225,leihen,9.387816877106937
1,1,High German,1225,leihen,9.387816877106937
0,1,Low German,1350,ziehen,12.911148396955392
0,1,Low German,1350,ziehen,12.911148396955392
0,1,Low German,1350,ziehen,12.911148396955392
1,1,Low German,1350,leihen,9.387816877106937
0,1,Low German,1350,leihen,9.387816877106937
0,1,Low German,1350,ziehen,12.911148396955392
0,1,Low German,1350,ziehen,12.911148396955392
1,1,High German,1274,leihen,9.387816877106937
1,1,High German,1274,ziehen,12.911148396955392
0,1,High German,1274,verlieren,12.774112848225492
0,0,High German,1274,fliehen,11.081311434367002
0,1,High German,1274,leihen,9.387816877106937
1,1,High German,1274,leihen,9.387816877106937
0,0,High German,1274,fliehen,11.081311434367002
0,0,High German,1274,fliehen,11.081311434367002
0,1,High German,1274,verlieren,12.774112848225492
1,1,High German,1274,leihen,9.387816877106937
0,1,High German,1274,verlieren,12.774112848225492
0,1,High German,1274,verlieren,12.774112848225492
0,1,High German,1274,verlieren,12.774112848225492
0,1,High German,1274,verlieren,12.774112848225492
0,1,High German,1274,verlieren,12.774112848225492
0,1,High German,1274,verlieren,12.774112848225492
0,1,High German,1274,verlieren,12.774112848225492
0,1,High German,1274,leihen,9.387816877106937
1,0,High German,1274,fliehen,11.081311434367002
1,0,High German,1274,fliehen,11.081311434367002
1,0,High German,1274,fliehen,11.081311434367002
1,0,High German,1274,fliehen,11.081311434367002
0,0,High German,1274,fliehen,11.081311434367002
1,0,High German,1274,fliehen,11.081311434367002
1,1,High German,1274,verlieren,12.774112848225492
1,0,High German,1274,fliehen,11.081311434367002
1,0,High German,1325,fliehen,11.081311434367002
1,1,High German,1325,ziehen,12.911148396955392
1,1,High German,1325,ziehen,12.911148396955392
0,1,High German,1325,verlieren,12.774112848225492
0,1,High German,1325,ziehen,12.911148396955392
1,0,High German,1325,fliehen,11.081311434367002
0,0,High German,1325,fliehen,11.081311434367002
0,0,High German,1325,fliehen,11.081311434367002
0,1,High German,1325,verlieren,12.774112848225492
0,1,High German,1325,ziehen,12.911148396955392
0,1,High German,1325,ziehen,12.911148396955392
0,0,High German,1325,fliehen,11.081311434367002
0,1,High German,1150,kiesen,0.0
0,0,High German,1150,fliehen,11.081311434367002
0,1,High German,1150,kiesen,0.0
0,1,High German,1150,ziehen,12.911148396955392
0,1,High German,1150,leihen,9.387816877106937
0,1,Upper German,1276,ziehen,12.911148396955392
0,1,Upper German,1276,ziehen,12.911148396955392
0,1,Upper German,1276,ziehen,12.911148396955392
0,1,Upper German,1276,verlieren,12.774112848225492
1,0,Upper German,1276,fliehen,11.081311434367002
1,0,Upper German,1276,fliehen,11.081311434367002
1,0,Upper German,1276,fliehen,11.081311434367002
0,1,Upper German,1276,ziehen,12.911148396955392
0,1,Upper German,1276,ziehen,12.911148396955392
0,1,Upper German,1276,verlieren,12.774112848225492
0,1,Upper German,1276,verlieren,12.774112848225492
0,1,Upper German,1276,ziehen,12.911148396955392
0,1,Upper German,1276,verlieren,12.774112848225492
1,1,Upper German,1276,leihen,9.387816877106937
0,1,Upper German,1276,leihen,9.387816877106937
0,1,Upper German,1276,leihen,9.387816877106937
0,1,Upper German,1276,leihen,9.387816877106937
0,1,Upper German,1276,leihen,9.387816877106937
0,1,Upper German,1276,leihen,9.387816877106937
1,1,Upper German,1276,leihen,9.387816877106937
0,1,Upper German,1276,leihen,9.387816877106937
0,1,Upper German,1276,leihen,9.387816877106937
0,1,Upper German,1276,verlieren,12.774112848225492
0,1,Upper German,1276,leihen,9.387816877106937
0,1,Upper German,1276,verlieren,12.774112848225492
0,1,Upper German,1276,ziehen,12.911148396955392
0,1,Upper German,1276,verlieren,12.774112848225492
0,1,Upper German,1276,ziehen,12.911148396955392
0,1,Upper German,1276,ziehen,12.911148396955392
0,1,Upper German,1276,verlieren,12.774112848225492
0,1,Upper German,1276,leihen,9.387816877106937
0,1,Upper German,1276,ziehen,12.911148396955392
0,1,Upper German,1276,ziehen,12.911148396955392
0,1,Upper German,1276,verlieren,12.774112848225492
0,1,Upper German,1276,leihen,9.387816877106937
0,1,Low German,1350,ziehen,12.911148396955392
0,1,Low German,1350,ziehen,12.911148396955392
0,1,Low German,1350,ziehen,12.911148396955392
0,0,Low German,1350,fliehen,11.081311434367002
1,0,Low German,1350,fliehen,11.081311434367002
0,1,Low German,1350,verlieren,12.774112848225492
0,1,Low German,1350,verlieren,12.774112848225492
0,1,Low German,1350,ziehen,12.911148396955392
0,1,Low German,1350,ziehen,12.911148396955392
0,1,Low German,1350,verlieren,12.774112848225492
0,1,Low German,1350,verlieren,12.774112848225492
0,1,Low German,1350,verlieren,12.774112848225492
0,1,Low German,1350,verlieren,12.774112848225492
0,1,Low German,1350,verlieren,12.774112848225492
1,1,Low German,1350,ziehen,12.911148396955392
0,1,Low German,1350,ziehen,12.911148396955392
0,1,Low German,1350,ziehen,12.911148396955392
0,1,Low German,1350,ziehen,12.911148396955392
0,1,Low German,1350,ziehen,12.911148396955392
0,1,Low German,1350,kiesen,0.0
0,0,Low German,1350,fliehen,11.081311434367002
0,1,Low German,1350,verlieren,12.774112848225492
0,1,Low German,1350,verlieren,12.774112848225492
1,1,Low German,1100,seihen,6.008813185442595
0,1,Low German,1301,verlieren,12.774112848225492
1,1,Low German,1301,kiesen,0.0
0,1,Low German,1301,ziehen,12.911148396955392
0,1,Low German,1301,ziehen,12.911148396955392
1,1,Low German,1301,kiesen,0.0
0,1,Low German,1301,kiesen,0.0
0,1,Low German,1301,kiesen,0.0
0,1,Low German,1301,verlieren,12.774112848225492
0,1,Low German,1301,ziehen,12.911148396955392
0,1,Low German,1301,ziehen,12.911148396955392
0,1,Low German,1301,ziehen,12.911148396955392
0,1,Low German,1301,ziehen,12.911148396955392
0,1,Low German,1301,verlieren,12.774112848225492
1,1,Low German,1301,kiesen,0.0
0,1,Low German,1301,ziehen,12.911148396955392
0,1,Low German,1301,ziehen,12.911148396955392
1,1,Low German,1301,ziehen,12.911148396955392
0,0,Low German,1301,fliehen,11.081311434367002
0,0,Low German,1301,fliehen,11.081311434367002
0,1,Low German,1301,ziehen,12.911148396955392
0,1,Low German,1301,ziehen,12.911148396955392
0,1,Low German,1301,ziehen,12.911148396955392
1,0,Low German,1301,fliehen,11.081311434367002
0,1,Low German,1301,ziehen,12.911148396955392
0,1,Low German,1301,verlieren,12.774112848225492
0,1,Low German,1301,ziehen,12.911148396955392
1,0,Low German,1301,fliehen,11.081311434367002
0,1,Low German,1301,ziehen,12.911148396955392
0,1,Low German,1301,ziehen,12.911148396955392
0,1,Low German,1301,ziehen,12.911148396955392
0,1,High German,1225,leihen,9.387816877106937
1,0,High German,1225,fliehen,11.081311434367002
0,0,High German,1225,fliehen,11.081311434367002
0,1,High German,1225,ziehen,12.911148396955392
1,1,High German,1225,reisen,11.160598199024916
0,0,High German,1225,fliehen,11.081311434367002
0,1,High German,1225,leihen,9.387816877106937
1,0,High German,1225,fliehen,11.081311434367002
0,1,High German,1225,verlieren,12.774112848225492
1,0,High German,1225,fliehen,11.081311434367002
1,0,High German,1225,fliehen,11.081311434367002
0,1,High German,1225,verlieren,12.774112848225492
1,0,High German,1225,fliehen,11.081311434367002
0,0,High German,1225,fliehen,11.081311434367002
0,0,High German,1225,fliehen,11.081311434367002
0,0,High German,1225,fliehen,11.081311434367002
1,0,High German,1225,fliehen,11.081311434367002
0,1,High German,1225,ziehen,12.911148396955392
0,1,High German,1225,leihen,9.387816877106937
0,1,Upper German,1150,leihen,9.387816877106937
0,1,Upper German,1150,verlieren,12.774112848225492
0,1,Upper German,1150,verlieren,12.774112848225492
0,1,Upper German,1150,verlieren,12.774112848225492
1,1,Upper German,1150,kiesen,0.0
0,1,Upper German,1150,kiesen,0.0
0,1,Upper German,1150,verlieren,12.774112848225492
0,0,Upper German,1150,fliehen,11.081311434367002
0,1,Upper German,1150,ziehen,12.911148396955392
0,1,Upper German,1150,ziehen,12.911148396955392
0,1,Upper German,1150,ziehen,12.911148396955392
0,1,Upper German,1150,verlieren,12.774112848225492
0,0,Upper German,1150,fliehen,11.081311434367002
0,0,Low German,1225,fliehen,11.081311434367002
0,1,High German,1150,leihen,9.387816877106937
0,1,High German,1220,verlieren,12.774112848225492
0,1,High German,1220,kiesen,0.0
0,1,High German,1220,verlieren,12.774112848225492
0,1,High German,1220,verlieren,12.774112848225492
0,1,High German,1220,kiesen,0.0
0,1,High German,1220,verlieren,12.774112848225492
0,1,High German,1220,kiesen,0.0
0,1,High German,1220,verlieren,12.774112848225492
0,1,High German,1220,verlieren,12.774112848225492
0,1,High German,1220,kiesen,0.0
0,1,High German,1220,kiesen,0.0
0,1,High German,1220,ziehen,12.911148396955392
0,1,High German,1220,ziehen,12.911148396955392
0,1,High German,1140,verlieren,12.774112848225492
0,1,High German,1140,verlieren,12.774112848225492
0,1,High German,1140,kiesen,0.0
0,1,High German,1140,verlieren,12.774112848225492
0,1,High German,1140,verlieren,12.774112848225492
1,0,High German,1140,fliehen,11.081311434367002
0,1,High German,1140,kiesen,0.0
0,1,High German,1140,verlieren,12.774112848225492
0,1,High German,1140,verlieren,12.774112848225492
1,0,High German,1140,fliehen,11.081311434367002
1,0,High German,1140,fliehen,11.081311434367002
1,0,High German,1140,fliehen,11.081311434367002
0,1,High German,1140,verlieren,12.774112848225492
1,0,High German,1140,fliehen,11.081311434367002
0,1,High German,1140,ziehen,12.911148396955392
1,0,High German,1140,fliehen,11.081311434367002
1,0,High German,1140,fliehen,11.081311434367002
1,0,High German,1140,fliehen,11.081311434367002
1,0,High German,1140,fliehen,11.081311434367002
1,0,High German,1140,fliehen,11.081311434367002
0,1,High German,1140,ziehen,12.911148396955392
0,1,High German,1140,verlieren,12.774112848225492
1,0,High German,1140,fliehen,11.081311434367002
0,1,Low German,1150,leihen,9.387816877106937
0,1,Low German,1150,leihen,9.387816877106937
0,0,Low German,1150,fliehen,11.081311434367002
0,1,Low German,1150,ziehen,12.911148396955392
0,1,Low German,1150,verlieren,12.774112848225492
0,1,High German,1150,verlieren,12.774112848225492
0,1,High German,1150,verlieren,12.774112848225492
1,1,High German,1150,ziehen,12.911148396955392
0,0,High German,1150,fliehen,11.081311434367002
0,1,High German,1150,verlieren,12.774112848225492
0,1,High German,1150,verlieren,12.774112848225492
0,1,High German,1150,verlieren,12.774112848225492
1,1,High German,1150,leihen,9.387816877106937
0,1,High German,1150,verlieren,12.774112848225492
0,1,High German,1150,verlieren,12.774112848225492
0,1,High German,1250,ziehen,12.911148396955392
1,0,High German,1250,fliehen,11.081311434367002
0,1,High German,1250,kiesen,0.0
0,1,High German,1250,ziehen,12.911148396955392
0,1,High German,1250,kiesen,0.0
0,1,High German,1250,ziehen,12.911148396955392
0,1,High German,1250,leihen,9.387816877106937
0,1,High German,1250,ziehen,12.911148396955392
0,1,High German,1140,kiesen,0.0
0,1,High German,1140,ziehen,12.911148396955392
0,1,High German,1140,ziehen,12.911148396955392
0,0,High German,1140,fliehen,11.081311434367002
0,1,High German,1140,verlieren,12.774112848225492
0,1,High German,1140,verlieren,12.774112848225492
0,1,High German,1140,verlieren,12.774112848225492
0,0,High German,1140,fliehen,11.081311434367002
0,1,High German,1140,verlieren,12.774112848225492
0,1,High German,1080,verlieren,12.774112848225492
0,1,Low German,1200,kiesen,0.0
0,1,Low German,1200,kiesen,0.0
0,1,Low German,1200,verlieren,12.774112848225492
0,1,Low German,1200,verlieren,12.774112848225492
0,1,Low German,1200,verlieren,12.774112848225492
0,1,Low German,1200,verlieren,12.774112848225492
0,1,Low German,1200,ziehen,12.911148396955392
0,1,Low German,1200,kiesen,0.0
0,1,Low German,1200,ziehen,12.911148396955392
0,1,High German,1150,kiesen,0.0
0,1,High German,1150,ziehen,12.911148396955392
0,1,High German,1130,kiesen,0.0
0,0,High German,1130,fliehen,11.081311434367002
0,1,High German,1130,verlieren,12.774112848225492
0,1,High German,1130,gedeihen,9.515616752828915
1,1,High German,1130,ziehen,12.911148396955392
0,1,High German,1130,ziehen,12.911148396955392
0,1,High German,1130,kiesen,0.0
1,1,High German,1130,kiesen,0.0
0,1,High German,1130,ziehen,12.911148396955392
0,0,High German,1130,fliehen,11.081311434367002
1,1,High German,1130,reisen,11.160598199024916
0,0,High German,1130,fliehen,11.081311434367002
1,1,High German,1130,verlieren,12.774112848225492
1,1,High German,1130,kiesen,0.0
0,1,High German,1130,ziehen,12.911148396955392
0,1,High German,1130,ziehen,12.911148396955392
0,1,High German,1130,verlieren,12.774112848225492
0,1,High German,1130,verlieren,12.774112848225492
0,1,High German,1130,kiesen,0.0
1,0,High German,1130,fliehen,11.081311434367002
1,0,High German,1130,fliehen,11.081311434367002
0,1,High German,1130,ziehen,12.911148396955392
0,1,High German,1130,kiesen,0.0
1,0,High German,1130,fliehen,11.081311434367002
1,0,High German,1130,fliehen,11.081311434367002
0,1,High German,1130,verlieren,12.774112848225492
0,1,High German,1130,verlieren,12.774112848225492
0,1,High German,1130,verlieren,12.774112848225492
1,1,High German,1130,kiesen,0.0
0,1,High German,1130,verlieren,12.774112848225492
0,1,High German,1130,verlieren,12.774112848225492
1,1,High German,1130,verlieren,12.774112848225492
0,0,High German,1130,fliehen,11.081311434367002
0,1,High German,1130,kiesen,0.0
0,1,High German,1130,verlieren,12.774112848225492
1,0,High German,1130,fliehen,11.081311434367002
0,1,High German,1130,kiesen,0.0
0,1,High German,1130,verlieren,12.774112848225492
0,1,High German,1130,frieren,7.765993079407675
0,0,High German,1130,fliehen,11.081311434367002
1,0,High German,1130,fliehen,11.081311434367002
0,1,High German,1130,verlieren,12.774112848225492
0,0,High German,1130,fliehen,11.081311434367002
0,1,High German,1130,verlieren,12.774112848225492
0,1,High German,1130,ziehen,12.911148396955392
0,0,High German,1130,fliehen,11.081311434367002
0,1,High German,1130,kiesen,0.0
0,1,High German,1130,ziehen,12.911148396955392
0,1,High German,1130,verlieren,12.774112848225492
0,1,High German,1130,ziehen,12.911148396955392
0,0,High German,1130,fliehen,11.081311434367002
0,1,High German,1130,verlieren,12.774112848225492
0,1,High German,1130,verlieren,12.774112848225492
1,1,High German,1130,verlieren,12.774112848225492
0,1,High German,1130,verlieren,12.774112848225492
1,0,High German,1130,fliehen,11.081311434367002
1,1,High German,1130,verlieren,12.774112848225492
0,1,High German,1130,verlieren,12.774112848225492
1,1,High German,1130,verlieren,12.774112848225492
1,0,High German,1130,fliehen,11.081311434367002
1,1,High German,1130,verlieren,12.774112848225492
1,1,High German,1130,verlieren,12.774112848225492
0,0,High German,1130,fliehen,11.081311434367002
0,1,High German,1130,verlieren,12.774112848225492
1,1,High German,1130,verlieren,12.774112848225492
0,1,High German,1130,ziehen,12.911148396955392
0,1,High German,1130,ziehen,12.911148396955392
0,1,High German,1130,ziehen,12.911148396955392
1,1,High German,1130,ziehen,12.911148396955392
0,1,High German,1130,verlieren,12.774112848225492
0,1,High German,1130,kiesen,0.0
1,1,High German,1130,ziehen,12.911148396955392
0,1,High German,1130,verlieren,12.774112848225492
0,1,High German,1130,ziehen,12.911148396955392
0,1,High German,1130,ziehen,12.911148396955392
0,0,High German,1050,fliehen,11.081311434367002
0,1,High German,1325,kiesen,0.0
0,1,High German,1325,verlieren,12.774112848225492
1,1,High German,1325,verlieren,12.774112848225492
0,1,High German,1325,verlieren,12.774112848225492
1,1,High German,1325,verlieren,12.774112848225492
1,1,High German,1325,verlieren,12.774112848225492
1,1,High German,1325,verlieren,12.774112848225492
0,1,High German,1325,verlieren,12.774112848225492
0,1,High German,1325,verlieren,12.774112848225492
1,1,High German,1150,verlieren,12.774112848225492
0,1,High German,1274,verlieren,12.774112848225492
0,0,High German,1274,fliehen,11.081311434367002
0,1,High German,1274,ziehen,12.911148396955392
0,0,High German,1274,fliehen,11.081311434367002
0,1,High German,1274,ziehen,12.911148396955392
0,1,High German,1274,ziehen,12.911148396955392
0,1,High German,1274,verlieren,12.774112848225492
1,1,High German,1274,leihen,9.387816877106937
0,1,High German,1274,ziehen,12.911148396955392
1,0,High German,1274,fliehen,11.081311434367002
1,0,High German,1274,fliehen,11.081311434367002
0,1,High German,1274,ziehen,12.911148396955392
0,0,High German,1274,fliehen,11.081311434367002
1,0,High German,1274,fliehen,11.081311434367002
1,0,High German,1274,fliehen,11.081311434367002
1,1,High German,1274,leihen,9.387816877106937
0,1,Low German,1150,ziehen,12.911148396955392
0,1,High German,1050,verlieren,12.774112848225492
0,1,High German,1050,kiesen,0.0
1,1,High German,1130,ziehen,12.911148396955392
0,1,High German,1130,verlieren,12.774112848225492
0,1,High German,1130,verlieren,12.774112848225492
0,1,High German,1130,verlieren,12.774112848225492
0,1,High German,1130,verlieren,12.774112848225492
0,1,High German,1130,verlieren,12.774112848225492
0,1,High German,1130,leihen,9.387816877106937
0,1,High German,1130,ziehen,12.911148396955392
0,1,High German,1130,leihen,9.387816877106937
0,1,High German,1130,ziehen,12.911148396955392
1,1,High German,1130,leihen,9.387816877106937
0,1,High German,1130,kiesen,0.0
0,0,High German,1130,fliehen,11.081311434367002
0,1,High German,1130,verlieren,12.774112848225492
0,1,High German,1130,verlieren,12.774112848225492
0,1,High German,1130,kiesen,0.0
1,0,High German,1130,fliehen,11.081311434367002
0,1,High German,1130,verlieren,12.774112848225492
0,1,High German,1130,frieren,7.765993079407675
0,1,High German,1130,verlieren,12.774112848225492
0,1,High German,1130,ziehen,12.911148396955392
0,1,High German,1130,gedeihen,9.515616752828915
0,1,High German,1130,verlieren,12.774112848225492
0,1,High German,1130,verlieren,12.774112848225492
0,1,High German,1130,kiesen,0.0
0,1,High German,1130,verlieren,12.774112848225492
0,1,High German,1130,gedeihen,9.515616752828915
0,1,High German,1130,kiesen,0.0
0,1,High German,1130,verlieren,12.774112848225492
0,1,Low German,1325,leihen,9.387816877106937
0,1,Low German,1325,verlieren,12.774112848225492
1,1,Low German,1325,kiesen,0.0
0,0,Low German,1325,fliehen,11.081311434367002
0,1,Low German,1325,kiesen,0.0
0,1,Low German,1321,kiesen,0.0
0,1,Low German,1321,kiesen,0.0
0,1,Low German,1321,kiesen,0.0
0,1,Low German,1321,kiesen,0.0
0,1,Low German,1321,kiesen,0.0
0,1,Low German,1321,kiesen,0.0
0,1,Low German,1321,kiesen,0.0
0,1,Low German,1321,kiesen,0.0
0,1,Low German,1321,kiesen,0.0
0,1,Low German,1321,kiesen,0.0
0,1,Low German,1321,kiesen,0.0
0,1,Low German,1321,kiesen,0.0
0,1,Low German,1321,kiesen,0.0
0,1,Low German,1321,kiesen,0.0
1,1,Low German,1321,kiesen,0.0
0,1,Low German,1321,kiesen,0.0
0,1,Low German,1321,kiesen,0.0
0,1,Low German,1321,kiesen,0.0
0,1,Low German,1321,kiesen,0.0
0,1,Low German,1321,kiesen,0.0
0,1,Low German,1321,kiesen,0.0
0,1,Low German,1321,kiesen,0.0
0,1,Low German,1321,kiesen,0.0
0,1,Low German,1321,kiesen,0.0
0,1,Low German,1321,kiesen,0.0
0,1,Low German,1321,kiesen,0.0
1,1,Low German,1321,ziehen,12.911148396955392
0,1,Low German,1321,kiesen,0.0
0,1,Low German,1321,ziehen,12.911148396955392
0,1,High German,1150,ziehen,12.911148396955392
1,1,High German,1150,leihen,9.387816877106937
0,1,High German,1150,ziehen,12.911148396955392
0,1,High German,1150,verlieren,12.774112848225492
0,1,High German,1150,verlieren,12.774112848225492
0,1,High German,1150,ziehen,12.911148396955392
0,1,High German,1150,verlieren,12.774112848225492
0,1,High German,1150,leihen,9.387816877106937
0,1,High German,1150,kiesen,0.0
0,1,High German,1150,ziehen,12.911148396955392
0,1,High German,1150,leihen,9.387816877106937
0,0,High German,1150,fliehen,11.081311434367002
0,0,High German,1150,fliehen,11.081311434367002
0,0,High German,1150,fliehen,11.081311434367002
0,1,High German,1150,kiesen,0.0
0,1,Low German,1250,kiesen,0.0
0,1,Low German,1250,kiesen,0.0
1,1,Low German,1250,leihen,9.387816877106937
0,1,Low German,1250,kiesen,0.0
0,1,Low German,1250,kiesen,0.0
1,1,Low German,1250,leihen,9.387816877106937
0,1,Low German,1250,kiesen,0.0
0,1,Low German,1250,kiesen,0.0
1,1,Low German,1250,leihen,9.387816877106937
0,1,Low German,1250,kiesen,0.0
0,1,Low German,1250,kiesen,0.0
1,1,Low German,1250,leihen,9.387816877106937
0,1,Low German,1250,kiesen,0.0
0,1,Low German,1250,kiesen,0.0
1,1,Low German,1250,leihen,9.387816877106937
0,1,Low German,1250,kiesen,0.0
0,1,Low German,1250,kiesen,0.0
1,1,Low German,1250,leihen,9.387816877106937
0,1,Low German,1250,kiesen,0.0
0,1,Low German,1250,kiesen,0.0
1,1,Low German,1250,leihen,9.387816877106937
0,1,Low German,1250,leihen,9.387816877106937
0,1,Low German,1250,kiesen,0.0
0,1,Low German,1250,kiesen,0.0
0,1,Low German,1250,kiesen,0.0
0,1,Low German,1250,kiesen,0.0
1,1,Low German,1250,leihen,9.387816877106937
0,1,Low German,1250,ziehen,12.911148396955392
0,1,Low German,1250,ziehen,12.911148396955392
0,1,Low German,1250,ziehen,12.911148396955392
0,1,Low German,1250,ziehen,12.911148396955392
0,1,Low German,1250,kiesen,0.0
0,1,Low German,1250,kiesen,0.0
0,1,Low German,1250,kiesen,0.0
0,1,Low German,1250,kiesen,0.0
0,1,Low German,1250,kiesen,0.0
0,1,Low German,1250,kiesen,0.0
0,1,Low German,1250,kiesen,0.0
0,1,Low German,1250,kiesen,0.0
0,1,Low German,1250,kiesen,0.0
0,1,Low German,1250,kiesen,0.0
0,1,Low German,1250,kiesen,0.0
0,1,Low German,1250,kiesen,0.0
0,1,Low German,1250,kiesen,0.0
0,1,Low German,1250,kiesen,0.0
1,1,Low German,1250,leihen,9.387816877106937
0,1,Low German,1250,leihen,9.387816877106937
0,1,Low German,1250,ziehen,12.911148396955392
1,1,Low German,1250,ziehen,12.911148396955392
0,1,Low German,1250,ziehen,12.911148396955392
0,1,Low German,1250,kiesen,0.0
0,1,Low German,1250,kiesen,0.0
1,1,Low German,1250,leihen,9.387816877106937
0,1,Low German,1250,kiesen,0.0
0,1,Low German,1250,kiesen,0.0
0,1,Low German,1250,ziehen,12.911148396955392
0,1,Low German,1250,kiesen,0.0
0,1,Low German,1250,kiesen,0.0
1,1,Low German,1250,kiesen,0.0
0,1,Low German,1250,kiesen,0.0
1,1,Low German,1250,leihen,9.387816877106937
1,1,Low German,1250,leihen,9.387816877106937
0,1,Low German,1250,leihen,9.387816877106937
0,1,Low German,1250,ziehen,12.911148396955392
0,1,Low German,1250,kiesen,0.0
0,1,Low German,1250,kiesen,0.0
0,1,Low German,1250,kiesen,0.0
0,1,Low German,1250,kiesen,0.0
0,1,Low German,1250,kiesen,0.0
0,1,Low German,1250,kiesen,0.0
0,1,Low German,1250,kiesen,0.0
0,1,Low German,1250,kiesen,0.0
0,1,Low German,1250,ziehen,12.911148396955392
0,1,Low German,1250,ziehen,12.911148396955392
0,1,Low German,1250,ziehen,12.911148396955392
1,1,Low German,1250,leihen,9.387816877106937
0,1,Low German,1250,leihen,9.387816877106937
1,1,Low German,1250,leihen,9.387816877106937
1,1,Low German,1250,leihen,9.387816877106937
0,1,Low German,1250,ziehen,12.911148396955392
0,1,Low German,1250,kiesen,0.0
0,1,Low German,1250,kiesen,0.0
1,1,Low German,1250,leihen,9.387816877106937
0,1,Low German,1250,kiesen,0.0
0,1,Low German,1250,kiesen,0.0
0,1,Low German,1250,kiesen,0.0
0,1,Low German,1250,kiesen,0.0
0,1,Low German,1250,ziehen,12.911148396955392
0,1,Low German,1250,ziehen,12.911148396955392
0,1,Low German,1250,kiesen,0.0
1,1,Low German,1250,leihen,9.387816877106937
1,1,Low German,1250,leihen,9.387816877106937
1,1,Low German,1250,leihen,9.387816877106937
0,1,Low German,1250,kiesen,0.0
0,1,Low German,1250,kiesen,0.0
0,0,High German,1300,fliehen,11.081311434367002
0,0,High German,1300,fliehen,11.081311434367002
0,1,High German,1300,ziehen,12.911148396955392
0,1,High German,1300,ziehen,12.911148396955392
1,1,High German,1300,verlieren,12.774112848225492
0,1,High German,1300,verlieren,12.774112848225492
0,1,High German,1300,verlieren,12.774112848225492
1,1,High German,1300,verlieren,12.774112848225492
0,1,High German,1300,verlieren,12.774112848225492
0,1,High German,1300,frieren,7.765993079407675
0,1,High German,1300,kiesen,0.0
0,1,High German,1300,verlieren,12.774112848225492
1,1,High German,1300,ziehen,12.911148396955392
0,0,High German,1300,fliehen,11.081311434367002
0,1,High German,1300,ziehen,12.911148396955392
0,0,High German,1300,fliehen,11.081311434367002
0,0,Low German,1225,fliehen,11.081311434367002
1,1,High German,1350,verlieren,12.774112848225492
0,1,High German,1350,ziehen,12.911148396955392
0,1,High German,1350,verlieren,12.774112848225492
0,1,High German,1350,verlieren,12.774112848225492
0,1,Upper German,1200,kiesen,0.0
0,1,Upper German,1200,kiesen,0.0
0,1,Upper German,1200,kiesen,0.0
1,1,Upper German,1200,ziehen,12.911148396955392
0,1,Upper German,1200,verlieren,12.774112848225492
0,1,Upper German,1200,kiesen,0.0
0,1,Upper German,1200,verlieren,12.774112848225492
0,1,Upper German,1200,verlieren,12.774112848225492
0,1,Upper German,1200,verlieren,12.774112848225492
1,1,Upper German,1200,leihen,9.387816877106937
0,1,Upper German,1200,verlieren,12.774112848225492
0,1,Upper German,1200,verlieren,12.774112848225492
0,1,Upper German,1200,kiesen,0.0
0,1,Upper German,1200,kiesen,0.0
1,0,Upper German,1200,fliehen,11.081311434367002
1,0,Upper German,1200,fliehen,11.081311434367002
0,1,Upper German,1200,ziehen,12.911148396955392
0,1,High German,1200,leihen,9.387816877106937
0,0,High German,1200,fliehen,11.081311434367002
0,1,High German,1200,ziehen,12.911148396955392
0,1,High German,1200,kiesen,0.0
0,0,High German,1200,fliehen,11.081311434367002
0,1,High German,1200,leihen,9.387816877106937
0,1,High German,1200,verlieren,12.774112848225492
0,1,High German,1200,ziehen,12.911148396955392
0,1,High German,1200,frieren,7.765993079407675
0,1,High German,1200,ziehen,12.911148396955392
0,1,High German,1200,verlieren,12.774112848225492
0,1,High German,1200,leihen,9.387816877106937
0,1,High German,1190,ziehen,12.911148396955392
0,0,High German,1190,fliehen,11.081311434367002
0,0,High German,1190,fliehen,11.081311434367002
0,1,High German,1190,verlieren,12.774112848225492
0,1,High German,1190,kiesen,0.0
0,1,High German,1190,verlieren,12.774112848225492
0,1,High German,1190,verlieren,12.774112848225492
0,1,High German,1190,ziehen,12.911148396955392
0,0,High German,1190,fliehen,11.081311434367002
0,0,High German,1190,fliehen,11.081311434367002
0,1,High German,1190,ziehen,12.911148396955392
1,1,Low German,1160,gedeihen,9.515616752828915
0,1,Low German,1160,ziehen,12.911148396955392
0,1,Low German,1160,verlieren,12.774112848225492
1,1,Low German,1160,verlieren,12.774112848225492
0,1,Low German,1160,verlieren,12.774112848225492
0,1,Low German,1160,verlieren,12.774112848225492
0,1,Low German,1160,verlieren,12.774112848225492
0,1,Low German,1160,kiesen,0.0
0,1,Low German,1160,verlieren,12.774112848225492
0,1,Low German,1160,kiesen,0.0
0,1,Low German,1160,verlieren,12.774112848225492
1,1,Low German,1160,ziehen,12.911148396955392
0,1,Low German,1160,ziehen,12.911148396955392
1,1,Low German,1160,ziehen,12.911148396955392
0,1,Low German,1160,verlieren,12.774112848225492
0,1,Low German,1160,ziehen,12.911148396955392
0,1,Low German,1160,verlieren,12.774112848225492
0,1,Low German,1160,verlieren,12.774112848225492
0,1,Low German,1160,ziehen,12.911148396955392
0,1,Low German,1160,ziehen,12.911148396955392
0,1,Low German,1160,ziehen,12.911148396955392
0,1,Low German,1160,verlieren,12.774112848225492
1,1,Low German,1160,ziehen,12.911148396955392
0,1,Low German,1160,verlieren,12.774112848225492
0,1,Low German,1160,kiesen,0.0
0,1,Low German,1160,verlieren,12.774112848225492
0,1,Low German,1160,ziehen,12.911148396955392
0,1,Low German,1160,ziehen,12.911148396955392
0,1,Low German,1160,verlieren,12.774112848225492
0,1,Low German,1160,ziehen,12.911148396955392
0,1,Low German,1160,ziehen,12.911148396955392
0,1,Low German,1160,ziehen,12.911148396955392
0,1,Low German,1160,ziehen,12.911148396955392
0,1,Low German,1160,verlieren,12.774112848225492
0,1,Low German,1160,verlieren,12.774112848225492
1,0,Low German,1160,fliehen,11.081311434367002
0,1,Low German,1160,kiesen,0.0
0,1,Low German,1160,ziehen,12.911148396955392
0,1,Low German,1160,ziehen,12.911148396955392
0,1,Low German,1160,ziehen,12.911148396955392
0,1,Low German,1160,ziehen,12.911148396955392
0,1,Low German,1160,verlieren,12.774112848225492
0,1,Low German,1160,verlieren,12.774112848225492
0,1,Low German,1160,verlieren,12.774112848225492
0,1,Low German,1160,verlieren,12.774112848225492
0,1,Low German,1160,verlieren,12.774112848225492
0,1,Low German,1160,ziehen,12.911148396955392
0,1,Low German,1160,ziehen,12.911148396955392
0,1,Low German,1160,verlieren,12.774112848225492
0,1,Low German,1160,verlieren,12.774112848225492
0,1,Low German,1160,verlieren,12.774112848225492
0,1,Low German,1160,verlieren,12.774112848225492
0,1,Low German,1160,ziehen,12.911148396955392
0,1,Low German,1160,verlieren,12.774112848225492
0,1,Low German,1160,ziehen,12.911148396955392
1,0,Low German,1160,fliehen,11.081311434367002
0,0,Low German,1160,fliehen,11.081311434367002
0,1,Low German,1160,verlieren,12.774112848225492
0,1,Low German,1160,kiesen,0.0
0,1,Low German,1160,verlieren,12.774112848225492
0,1,Low German,1160,ziehen,12.911148396955392
0,1,Low German,1160,ziehen,12.911148396955392
0,1,Low German,1160,leihen,9.387816877106937
0,1,Low German,1160,ziehen,12.911148396955392
0,1,Low German,1160,leihen,9.387816877106937
0,1,Low German,1160,leihen,9.387816877106937
0,1,Low German,1160,leihen,9.387816877106937
0,1,Low German,1160,verlieren,12.774112848225492
0,1,Low German,1160,ziehen,12.911148396955392
0,1,Low German,1160,ziehen,12.911148396955392
0,1,Low German,1160,ziehen,12.911148396955392
0,1,Low German,1160,ziehen,12.911148396955392
0,1,High German,1150,leihen,9.387816877106937
0,1,High German,1150,ziehen,12.911148396955392
0,1,High German,1150,kiesen,0.0
0,1,Low German,1150,verlieren,12.774112848225492
1,0,Low German,1150,fliehen,11.081311434367002
1,1,Low German,1150,kiesen,0.0
0,1,Low German,1150,ziehen,12.911148396955392
0,0,Low German,1150,fliehen,11.081311434367002
0,0,Low German,1150,fliehen,11.081311434367002
0,1,Low German,1150,verlieren,12.774112848225492
0,0,Low German,1150,fliehen,11.081311434367002
0,1,Low German,1150,leihen,9.387816877106937
1,0,Low German,1150,fliehen,11.081311434367002
1,0,Low German,1150,fliehen,11.081311434367002
1,1,Low German,1150,verlieren,12.774112848225492
0,1,High German,1150,ziehen,12.911148396955392
0,1,High German,1150,ziehen,12.911148396955392
0,1,High German,1150,verlieren,12.774112848225492
0,1,High German,1150,ziehen,12.911148396955392
0,1,High German,1150,ziehen,12.911148396955392
0,1,High German,1150,verlieren,12.774112848225492
0,1,High German,1150,ziehen,12.911148396955392
0,1,High German,1150,verlieren,12.774112848225492
0,1,High German,1150,ziehen,12.911148396955392
0,1,High German,1150,gedeihen,9.515616752828915
0,1,High German,1150,ziehen,12.911148396955392
1,1,High German,1150,verlieren,12.774112848225492
0,1,High German,1150,ziehen,12.911148396955392
0,1,High German,1150,kiesen,0.0
0,1,High German,1150,kiesen,0.0
0,1,High German,1150,ziehen,12.911148396955392
0,1,Low German,1150,ziehen,12.911148396955392
1,1,Low German,1150,leihen,9.387816877106937
0,1,Low German,1150,ziehen,12.911148396955392
0,0,High German,1325,fliehen,11.081311434367002
0,1,High German,1325,ziehen,12.911148396955392
0,1,High German,1325,ziehen,12.911148396955392
0,1,High German,1325,kiesen,0.0
1,1,High German,1325,leihen,9.387816877106937
0,1,High German,1325,ziehen,12.911148396955392
0,1,High German,1325,leihen,9.387816877106937
1,1,High German,1325,ziehen,12.911148396955392
0,1,High German,1325,ziehen,12.911148396955392
0,1,High German,1325,ziehen,12.911148396955392
1,1,High German,1325,leihen,9.387816877106937
0,1,High German,1325,leihen,9.387816877106937
0,1,High German,1325,ziehen,12.911148396955392
0,1,High German,1325,reisen,11.160598199024916
0,1,High German,1325,ziehen,12.911148396955392
0,1,High German,1325,ziehen,12.911148396955392
1,0,High German,1325,fliehen,11.081311434367002
0,1,High German,1325,kiesen,0.0
1,0,High German,1325,fliehen,11.081311434367002
0,1,High German,1325,verlieren,12.774112848225492
0,1,Low German,1150,verlieren,12.774112848225492
0,1,Low German,1150,verlieren,12.774112848225492
0,1,Low German,1150,verlieren,12.774112848225492
0,1,Low German,1150,ziehen,12.911148396955392
0,0,Low German,1150,fliehen,11.081311434367002
0,1,High German,1210,ziehen,12.911148396955392
1,1,High German,1210,verlieren,12.774112848225492
0,1,High German,1210,verlieren,12.774112848225492
0,1,High German,1210,kiesen,0.0
0,1,High German,1210,kiesen,0.0
0,1,High German,1210,kiesen,0.0
0,1,High German,1210,ziehen,12.911148396955392
0,0,High German,1210,fliehen,11.081311434367002
0,0,High German,1210,fliehen,11.081311434367002
0,0,High German,1210,fliehen,11.081311434367002
0,1,High German,1210,ziehen,12.911148396955392
0,1,High German,1210,ziehen,12.911148396955392
0,1,High German,1210,verlieren,12.774112848225492
0,1,High German,1210,leihen,9.387816877106937
0,1,High German,1210,ziehen,12.911148396955392
0,1,High German,1210,kiesen,0.0
0,0,High German,1050,fliehen,11.081311434367002
0,1,High German,1050,verlieren,12.774112848225492
0,1,High German,1050,kiesen,0.0
0,1,High German,1050,verlieren,12.774112848225492
0,1,High German,1050,ziehen,12.911148396955392
0,1,High German,1050,verlieren,12.774112848225492
0,1,High German,1050,ziehen,12.911148396955392
0,1,High German,1050,verlieren,12.774112848225492
0,1,High German,1050,verlieren,12.774112848225492
0,1,High German,1050,verlieren,12.774112848225492
0,1,High German,1050,kiesen,0.0
0,1,High German,1050,kiesen,0.0
0,1,High German,1050,verlieren,12.774112848225492
0,1,High German,1050,ziehen,12.911148396955392
0,1,High German,1050,verlieren,12.774112848225492
0,1,High German,1050,ziehen,12.911148396955392
0,1,High German,1050,kiesen,0.0
0,1,High German,1050,kiesen,0.0
0,1,High German,1050,ziehen,12.911148396955392
0,1,High German,1050,reisen,11.160598199024916
0,1,High German,1050,verlieren,12.774112848225492
0,1,High German,1150,verlieren,12.774112848225492
0,1,High German,1150,verlieren,12.774112848225492
0,1,High German,1150,verlieren,12.774112848225492
0,1,High German,1150,verlieren,12.774112848225492
0,1,High German,1195,verlieren,12.774112848225492
1,1,High German,1195,ziehen,12.911148396955392
0,1,High German,1195,ziehen,12.911148396955392
0,1,High German,1195,verlieren,12.774112848225492
0,1,High German,1195,ziehen,12.911148396955392
0,1,High German,1195,ziehen,12.911148396955392
0,1,High German,1195,ziehen,12.911148396955392
0,1,High German,1195,leihen,9.387816877106937
0,1,High German,1195,verlieren,12.774112848225492
0,1,High German,1195,ziehen,12.911148396955392
0,1,High German,1195,verlieren,12.774112848225492
0,1,High German,1195,kiesen,0.0
0,1,High German,1195,ziehen,12.911148396955392
0,1,High German,1195,kiesen,0.0
1,1,High German,1195,ziehen,12.911148396955392
0,1,High German,1195,verlieren,12.774112848225492
0,1,High German,1195,kiesen,0.0
0,1,High German,1195,verlieren,12.774112848225492
0,1,High German,1195,verlieren,12.774112848225492
0,1,High German,1195,verlieren,12.774112848225492
0,1,High German,1195,verlieren,12.774112848225492
0,1,High German,1195,kiesen,0.0
0,1,High German,1195,kiesen,0.0
1,0,High German,1195,fliehen,11.081311434367002
0,1,High German,1195,verlieren,12.774112848225492
0,1,High German,1195,ziehen,12.911148396955392
0,1,Low German,1325,kiesen,0.0
0,1,Low German,1325,kiesen,0.0
0,1,Low German,1325,ziehen,12.911148396955392
0,1,Low German,1325,ziehen,12.911148396955392
0,1,Low German,1325,ziehen,12.911148396955392
1,1,Low German,1325,ziehen,12.911148396955392
0,1,Low German,1325,ziehen,12.911148396955392
0,1,Low German,1325,ziehen,12.911148396955392
0,1,High German,1280,ziehen,12.911148396955392
0,1,High German,1280,verlieren,12.774112848225492
0,1,High German,1280,kiesen,0.0
0,1,High German,1280,ziehen,12.911148396955392
0,1,High German,1280,ziehen,12.911148396955392
0,1,High German,1280,ziehen,12.911148396955392
0,1,High German,1280,ziehen,12.911148396955392
0,1,High German,1280,kiesen,0.0
0,0,High German,1280,fliehen,11.081311434367002
0,0,High German,1280,fliehen,11.081311434367002
0,0,High German,1280,fliehen,11.081311434367002
0,1,High German,1280,ziehen,12.911148396955392
1,1,High German,1280,ziehen,12.911148396955392
0,1,High German,1280,ziehen,12.911148396955392
0,1,High German,1280,verlieren,12.774112848225492
0,1,High German,1225,verlieren,12.774112848225492
0,1,High German,1225,kiesen,0.0
0,1,Upper German,1336,kiesen,0.0
0,1,Upper German,1336,kiesen,0.0
1,1,Upper German,1336,ziehen,12.911148396955392
0,1,Upper German,1336,ziehen,12.911148396955392
0,1,Upper German,1336,ziehen,12.911148396955392
0,1,Upper German,1336,ziehen,12.911148396955392
0,1,Upper German,1336,verlieren,12.774112848225492
0,1,Upper German,1336,kiesen,0.0
0,1,Upper German,1336,kiesen,0.0
0,1,Upper German,1336,kiesen,0.0
0,1,Upper German,1336,verlieren,12.774112848225492
0,0,Upper German,1336,fliehen,11.081311434367002
0,1,Upper German,1336,ziehen,12.911148396955392
0,0,Upper German,1336,fliehen,11.081311434367002
0,0,Upper German,1336,fliehen,11.081311434367002
0,1,Upper German,1336,verlieren,12.774112848225492
0,1,Upper German,1336,ziehen,12.911148396955392
0,1,Upper German,1336,ziehen,12.911148396955392
0,1,Low German,1250,verlieren,12.774112848225492
0,1,Low German,1250,leihen,9.387816877106937
0,1,High German,1150,ziehen,12.911148396955392
0,1,High German,1150,verlieren,12.774112848225492
0,1,High German,1300,ziehen,12.911148396955392
0,1,High German,1300,ziehen,12.911148396955392
1,1,High German,1300,leihen,9.387816877106937
0,1,High German,1300,kiesen,0.0
0,1,High German,1300,ziehen,12.911148396955392
0,1,High German,1300,ziehen,12.911148396955392
0,0,High German,1300,fliehen,11.081311434367002
0,1,High German,1300,ziehen,12.911148396955392
0,0,High German,1300,fliehen,11.081311434367002
1,1,High German,1300,ziehen,12.911148396955392
0,1,High German,1300,kiesen,0.0
0,0,High German,1300,fliehen,11.081311434367002
0,1,High German,1300,ziehen,12.911148396955392
0,1,High German,1300,verlieren,12.774112848225492
0,1,High German,1300,kiesen,0.0
0,1,High German,1300,verlieren,12.774112848225492
0,0,High German,1300,fliehen,11.081311434367002
0,1,High German,1300,ziehen,12.911148396955392
0,1,High German,1300,ziehen,12.911148396955392
0,0,High German,1300,fliehen,11.081311434367002
0,1,High German,1300,ziehen,12.911148396955392
0,1,High German,1300,ziehen,12.911148396955392
0,1,High German,1300,ziehen,12.911148396955392
0,1,High German,1300,kiesen,0.0
0,1,High German,1150,verlieren,12.774112848225492
0,1,High German,1150,verlieren,12.774112848225492
1,0,High German,1150,fliehen,11.081311434367002
0,0,High German,1150,fliehen,11.081311434367002
1,0,High German,1150,fliehen,11.081311434367002
0,1,High German,1150,kiesen,0.0
0,0,High German,1150,fliehen,11.081311434367002
0,1,High German,1150,verlieren,12.774112848225492
0,1,High German,1150,gedeihen,9.515616752828915
0,1,High German,1150,ziehen,12.911148396955392
0,1,High German,1150,ziehen,12.911148396955392
0,1,High German,1150,kiesen,0.0
0,1,High German,1150,ziehen,12.911148396955392
0,1,High German,1150,ziehen,12.911148396955392
0,1,High German,1150,ziehen,12.911148396955392
0,1,High German,1150,kiesen,0.0
1,1,High German,1150,ziehen,12.911148396955392
0,0,High German,1150,fliehen,11.081311434367002
1,1,High German,1150,reisen,11.160598199024916
0,1,High German,1150,ziehen,12.911148396955392
0,1,High German,1150,verlieren,12.774112848225492
0,1,High German,1150,ziehen,12.911148396955392
0,1,High German,1150,ziehen,12.911148396955392
0,1,High German,1150,ziehen,12.911148396955392
0,1,High German,1150,verlieren,12.774112848225492
0,1,High German,1150,ziehen,12.911148396955392
0,0,High German,1150,fliehen,11.081311434367002
0,1,High German,1150,ziehen,12.911148396955392
0,1,High German,1150,ziehen,12.911148396955392
0,1,High German,1150,kiesen,0.0
1,0,High German,1150,fliehen,11.081311434367002
0,1,High German,1275,rihen,0.0
0,1,High German,1275,verlieren,12.774112848225492
0,1,High German,1275,frieren,7.765993079407675
0,1,High German,1275,ziehen,12.911148396955392
0,1,High German,1275,ziehen,12.911148396955392
0,0,High German,1275,fliehen,11.081311434367002
0,1,High German,1275,kiesen,0.0
0,1,High German,1275,verlieren,12.774112848225492
0,1,High German,1275,ziehen,12.911148396955392
0,1,High German,1275,kiesen,0.0
0,1,High German,1275,ziehen,12.911148396955392
0,1,High German,1275,verlieren,12.774112848225492
0,1,High German,1275,kiesen,0.0
0,1,High German,1275,kiesen,0.0
0,1,High German,1275,verlieren,12.774112848225492
0,1,High German,1275,verlieren,12.774112848225492
0,1,High German,1275,kiesen,0.0
0,1,High German,1275,verlieren,12.774112848225492
0,1,High German,1275,verlieren,12.774112848225492
0,1,High German,1275,kiesen,0.0
0,1,High German,1275,verlieren,12.774112848225492
0,1,High German,1275,verlieren,12.774112848225492
0,1,High German,1275,kiesen,0.0
0,1,High German,1275,ziehen,12.911148396955392
0,1,High German,1275,verlieren,12.774112848225492
0,1,High German,1275,verlieren,12.774112848225492
1,1,High German,1275,kiesen,0.0
0,1,High German,1275,reisen,11.160598199024916
0,1,High German,1275,kiesen,0.0
0,1,High German,1275,kiesen,0.0
1,1,High German,1275,kiesen,0.0
0,1,High German,1275,kiesen,0.0
0,1,High German,1275,kiesen,0.0
0,1,High German,1275,ziehen,12.911148396955392
0,1,High German,1275,leihen,9.387816877106937
0,1,High German,1275,kiesen,0.0
0,1,High German,1275,kiesen,0.0
0,1,High German,1275,gedeihen,9.515616752828915
0,1,High German,1275,kiesen,0.0
0,1,High German,1275,leihen,9.387816877106937
0,1,High German,1275,ziehen,12.911148396955392
0,1,High German,1275,kiesen,0.0
0,1,High German,1150,verlieren,12.774112848225492
0,1,High German,1150,ziehen,12.911148396955392
0,1,High German,1150,leihen,9.387816877106937
1,1,High German,1150,leihen,9.387816877106937
1,1,High German,1150,leihen,9.387816877106937
0,1,High German,1150,leihen,9.387816877106937
0,1,High German,1293,kiesen,0.0
0,1,High German,1293,verlieren,12.774112848225492
1,1,High German,1293,kiesen,0.0
0,1,High German,1293,ziehen,12.911148396955392
1,1,High German,1293,verlieren,12.774112848225492
0,0,High German,1293,fliehen,11.081311434367002
0,1,High German,1293,ziehen,12.911148396955392
0,0,High German,1293,fliehen,11.081311434367002
0,1,High German,1293,ziehen,12.911148396955392
0,1,High German,1293,kiesen,0.0
0,0,High German,1293,fliehen,11.081311434367002
1,1,High German,1293,verlieren,12.774112848225492
0,1,High German,1293,verlieren,12.774112848225492
0,1,High German,1293,kiesen,0.0
0,1,High German,1293,kiesen,0.0
0,1,High German,1293,ziehen,12.911148396955392
0,1,High German,1293,kiesen,0.0
0,1,High German,1293,verlieren,12.774112848225492
1,1,High German,1293,ziehen,12.911148396955392
0,1,High German,1293,verlieren,12.774112848225492
0,1,High German,1293,ziehen,12.911148396955392
0,1,High German,1293,kiesen,0.0
0,1,High German,1293,ziehen,12.911148396955392
1,1,High German,1293,verlieren,12.774112848225492
0,1,High German,1293,kiesen,0.0
0,1,High German,1150,seihen,6.008813185442595
0,1,High German,1150,seihen,6.008813185442595
0,1,High German,1150,seihen,6.008813185442595
0,1,High German,1150,ziehen,12.911148396955392
0,1,High German,1150,seihen,6.008813185442595
0,1,Low German,1200,verlieren,12.774112848225492
1,1,Low German,1200,leihen,9.387816877106937
0,1,Low German,1200,leihen,9.387816877106937
0,1,Low German,1200,leihen,9.387816877106937
1,1,Low German,1200,leihen,9.387816877106937
0,1,High German,1190,ziehen,12.911148396955392
0,1,High German,1150,leihen,9.387816877106937
0,1,High German,1150,verlieren,12.774112848225492
0,1,High German,1150,verlieren,12.774112848225492
0,1,High German,1150,verlieren,12.774112848225492
0,1,High German,1150,frieren,7.765993079407675
0,1,High German,1150,leihen,9.387816877106937
0,1,High German,1150,leihen,9.387816877106937
0,1,Low German,1225,ziehen,12.911148396955392
1,1,Low German,1225,ziehen,12.911148396955392
0,1,Low German,1225,leihen,9.387816877106937
0,0,Low German,1225,fliehen,11.081311434367002
0,0,Low German,1225,fliehen,11.081311434367002
0,0,Low German,1225,fliehen,11.081311434367002
1,1,Upper German,1120,verlieren,12.774112848225492
0,1,Upper German,1120,verlieren,12.774112848225492
0,1,Upper German,1120,verlieren,12.774112848225492
0,1,Upper German,1120,verlieren,12.774112848225492
0,0,Upper German,1120,fliehen,11.081311434367002
0,0,Upper German,1120,fliehen,11.081311434367002
0,1,Upper German,1120,verlieren,12.774112848225492
0,0,Upper German,1120,fliehen,11.081311434367002
0,0,Upper German,1120,fliehen,11.081311434367002
1,1,Upper German,1120,verlieren,12.774112848225492
0,0,Upper German,1120,fliehen,11.081311434367002
0,0,Upper German,1120,fliehen,11.081311434367002
0,0,Upper German,1120,fliehen,11.081311434367002
0,0,Upper German,1120,fliehen,11.081311434367002
0,0,Upper German,1120,fliehen,11.081311434367002
0,1,Upper German,1120,ziehen,12.911148396955392
0,1,Upper German,1120,verlieren,12.774112848225492
0,1,Upper German,1120,verlieren,12.774112848225492
0,1,Upper German,1120,verlieren,12.774112848225492
0,1,Upper German,1120,verlieren,12.774112848225492
0,1,Upper German,1120,kiesen,0.0
0,1,Upper German,1120,ziehen,12.911148396955392
0,1,Upper German,1120,verlieren,12.774112848225492
0,1,Upper German,1120,verlieren,12.774112848225492
0,1,Upper German,1120,reisen,11.160598199024916
0,1,Low German,1300,ziehen,12.911148396955392
0,1,Low German,1300,kiesen,0.0
0,1,High German,1325,leihen,9.387816877106937
0,1,High German,1325,reisen,11.160598199024916
0,1,High German,1325,rihen,0.0
0,1,High German,1325,rihen,0.0
0,1,High German,1325,rihen,0.0
0,1,High German,1325,verlieren,12.774112848225492
1,0,High German,1250,fliehen,11.081311434367002
0,0,High German,1250,fliehen,11.081311434367002
1,0,High German,1250,fliehen,11.081311434367002
0,0,High German,1250,fliehen,11.081311434367002
0,0,High German,1250,fliehen,11.081311434367002
0,0,High German,1250,fliehen,11.081311434367002
0,1,High German,1325,verlieren,12.774112848225492
0,1,High German,1325,verlieren,12.774112848225492
0,1,High German,1325,verlieren,12.774112848225492
0,1,High German,1325,verlieren,12.774112848225492
0,1,High German,1325,ziehen,12.911148396955392
0,1,High German,1325,verlieren,12.774112848225492
0,1,High German,1180,kiesen,0.0
0,1,High German,1180,leihen,9.387816877106937
0,1,High German,1250,verlieren,12.774112848225492
0,1,High German,1250,kiesen,0.0
0,1,High German,1250,verlieren,12.774112848225492
0,1,Low German,1225,verlieren,12.774112848225492
0,1,Low German,1225,ziehen,12.911148396955392
0,1,Low German,1225,kiesen,0.0
0,1,Low German,1225,kiesen,0.0
0,1,Low German,1225,kiesen,0.0
0,1,Low German,1225,kiesen,0.0
0,1,High German,1125,kiesen,0.0
0,1,High German,1125,verlieren,12.774112848225492
0,1,High German,1125,ziehen,12.911148396955392
0,1,High German,1220,kiesen,0.0
0,1,High German,1220,kiesen,0.0
0,1,High German,1220,verlieren,12.774112848225492
0,1,High German,1220,verlieren,12.774112848225492
1,1,High German,1220,ziehen,12.911148396955392
0,1,High German,1220,ziehen,12.911148396955392
0,1,High German,1220,ziehen,12.911148396955392
1,1,High German,1220,ziehen,12.911148396955392
0,1,High German,1220,kiesen,0.0
0,1,High German,1220,kiesen,0.0
0,1,High German,1220,kiesen,0.0
0,1,High German,1220,verlieren,12.774112848225492
0,1,High German,1220,ziehen,12.911148396955392
0,1,High German,1220,verlieren,12.774112848225492
0,1,High German,1220,ziehen,12.911148396955392
0,1,Low German,1100,ziehen,12.911148396955392
0,1,Low German,1100,ziehen,12.911148396955392
0,0,High German,1272,fliehen,11.081311434367002
0,1,High German,1272,verlieren,12.774112848225492
0,1,High German,1272,ziehen,12.911148396955392
0,0,High German,1272,fliehen,11.081311434367002
0,0,High German,1272,fliehen,11.081311434367002
0,1,High German,1272,ziehen,12.911148396955392
0,1,High German,1272,leihen,9.387816877106937
0,1,High German,1272,verlieren,12.774112848225492
0,0,High German,1272,fliehen,11.081311434367002
0,1,High German,1272,kiesen,0.0
1,1,High German,1272,leihen,9.387816877106937
0,1,High German,1272,verlieren,12.774112848225492
0,1,High German,1272,verlieren,12.774112848225492
0,1,High German,1272,verlieren,12.774112848225492
0,1,High German,1272,ziehen,12.911148396955392
0,1,High German,1272,ziehen,12.911148396955392
0,0,High German,1272,fliehen,11.081311434367002
1,1,High German,1272,ziehen,12.911148396955392
1,1,High German,1272,ziehen,12.911148396955392
1,1,High German,1272,ziehen,12.911148396955392
1,0,High German,1272,fliehen,11.081311434367002
0,1,High German,1272,ziehen,12.911148396955392
0,1,High German,1272,ziehen,12.911148396955392
0,1,High German,1272,verlieren,12.774112848225492
0,1,High German,1272,verlieren,12.774112848225492
1,1,High German,1272,leihen,9.387816877106937
0,0,Low German,1275,fliehen,11.081311434367002
0,1,Low German,1275,verlieren,12.774112848225492
0,1,Low German,1275,reisen,11.160598199024916
0,1,Low German,1275,ziehen,12.911148396955392
0,1,Low German,1275,ziehen,12.911148396955392
0,1,Low German,1275,ziehen,12.911148396955392
0,1,Low German,1275,ziehen,12.911148396955392
0,1,Low German,1275,ziehen,12.911148396955392
1,1,Low German,1275,ziehen,12.911148396955392
0,0,Low German,1275,fliehen,11.081311434367002
0,0,Low German,1275,fliehen,11.081311434367002
1,0,Low German,1275,fliehen,11.081311434367002
1,1,Low German,1275,ziehen,12.911148396955392
0,0,Low German,1275,fliehen,11.081311434367002
0,1,Low German,1275,ziehen,12.911148396955392
1,1,Low German,1275,leihen,9.387816877106937
0,1,Low German,1275,ziehen,12.911148396955392
0,1,High German,1250,verlieren,12.774112848225492
0,1,High German,1250,verlieren,12.774112848225492
0,1,High German,1250,frieren,7.765993079407675
0,1,High German,1250,seihen,6.008813185442595
0,1,High German,1250,verlieren,12.774112848225492
0,1,High German,1250,ziehen,12.911148396955392
0,0,High German,1250,fliehen,11.081311434367002
0,1,High German,1250,verlieren,12.774112848225492
0,1,High German,1250,verlieren,12.774112848225492
0,1,High German,1250,ziehen,12.911148396955392
0,1,High German,1250,verlieren,12.774112848225492
0,1,High German,1250,kiesen,0.0
0,1,High German,1250,gedeihen,9.515616752828915
0,1,High German,1250,kiesen,0.0
0,1,High German,1250,kiesen,0.0
0,1,High German,1250,verlieren,12.774112848225492
0,1,High German,1250,kiesen,0.0
0,1,High German,1250,ziehen,12.911148396955392
0,1,High German,1250,verlieren,12.774112848225492
0,1,High German,1250,frieren,7.765993079407675
0,1,High German,1250,ziehen,12.911148396955392
0,1,High German,1250,frieren,7.765993079407675
0,1,High German,1250,kiesen,0.0
0,1,High German,1250,kiesen,0.0
0,0,High German,1125,fliehen,11.081311434367002
0,1,Low German,1278,leihen,9.387816877106937
0,1,Low German,1278,leihen,9.387816877106937
0,1,Low German,1278,leihen,9.387816877106937
0,1,Low German,1278,leihen,9.387816877106937
0,1,Low German,1278,leihen,9.387816877106937
0,1,Low German,1278,ziehen,12.911148396955392
0,1,Low German,1278,leihen,9.387816877106937
0,1,Low German,1278,leihen,9.387816877106937
0,1,Low German,1278,leihen,9.387816877106937
0,1,Low German,1278,ziehen,12.911148396955392
0,1,Low German,1278,ziehen,12.911148396955392
0,1,Low German,1278,leihen,9.387816877106937
0,1,Low German,1278,leihen,9.387816877106937
0,1,Low German,1278,ziehen,12.911148396955392
0,1,Low German,1278,kiesen,0.0
1,0,Low German,1278,fliehen,11.081311434367002
0,0,Low German,1278,fliehen,11.081311434367002
0,0,Low German,1278,fliehen,11.081311434367002
0,0,Low German,1278,fliehen,11.081311434367002
1,1,High German,1250,leihen,9.387816877106937
0,1,High German,1250,ziehen,12.911148396955392
1,1,High German,1250,leihen,9.387816877106937
1,1,High German,1250,leihen,9.387816877106937
1,1,High German,1250,leihen,9.387816877106937
0,1,High German,1250,leihen,9.387816877106937
0,1,High German,1250,kiesen,0.0
0,1,High German,1250,ziehen,12.911148396955392
0,1,High German,1250,ziehen,12.911148396955392
0,1,High German,1250,ziehen,12.911148396955392
0,1,High German,1250,ziehen,12.911148396955392
1,1,High German,1250,leihen,9.387816877106937
0,1,High German,1250,ziehen,12.911148396955392
0,1,High German,1250,ziehen,12.911148396955392
0,1,High German,1250,ziehen,12.911148396955392
0,1,High German,1250,ziehen,12.911148396955392
0,1,High German,1250,ziehen,12.911148396955392
0,1,High German,1250,ziehen,12.911148396955392
0,1,High German,1250,ziehen,12.911148396955392
1,1,High German,1250,leihen,9.387816877106937
0,1,High German,1250,ziehen,12.911148396955392
0,1,High German,1250,ziehen,12.911148396955392
0,1,High German,1250,ziehen,12.911148396955392
0,1,High German,1250,ziehen,12.911148396955392
1,1,High German,1250,leihen,9.387816877106937
0,1,High German,1150,kiesen,0.0
1,1,High German,1150,kiesen,0.0
0,1,High German,1150,kiesen,0.0
0,1,High German,1150,verlieren,12.774112848225492
0,1,High German,1150,kiesen,0.0
0,1,High German,1150,kiesen,0.0
0,1,High German,1225,ziehen,12.911148396955392
0,1,High German,1225,ziehen,12.911148396955392
0,1,High German,1225,kiesen,0.0
0,1,High German,1225,kiesen,0.0
0,1,High German,1225,ziehen,12.911148396955392
0,1,High German,1225,ziehen,12.911148396955392
0,1,High German,1225,ziehen,12.911148396955392
0,1,High German,1225,ziehen,12.911148396955392
0,1,High German,1225,verlieren,12.774112848225492
0,0,High German,1225,fliehen,11.081311434367002
0,0,High German,1225,fliehen,11.081311434367002
0,0,High German,1225,fliehen,11.081311434367002
1,1,High German,1225,leihen,9.387816877106937
0,0,High German,1225,fliehen,11.081311434367002
0,0,High German,1225,fliehen,11.081311434367002
1,0,High German,1225,fliehen,11.081311434367002
0,1,High German,1225,ziehen,12.911148396955392
0,1,High German,1225,verlieren,12.774112848225492
1,1,High German,1225,leihen,9.387816877106937
1,1,High German,1225,leihen,9.387816877106937
0,1,High German,1225,ziehen,12.911148396955392
0,1,High German,1225,ziehen,12.911148396955392
0,1,High German,1225,verlieren,12.774112848225492
0,1,High German,1225,verlieren,12.774112848225492
0,1,High German,1225,ziehen,12.911148396955392
1,1,High German,1225,leihen,9.387816877106937
1,1,High German,1225,leihen,9.387816877106937
0,1,High German,1225,verlieren,12.774112848225492
0,1,High German,1225,verlieren,12.774112848225492
0,1,High German,1225,leihen,9.387816877106937
0,0,High German,1225,fliehen,11.081311434367002
0,1,High German,1225,kiesen,0.0
0,1,High German,1225,kiesen,0.0
0,1,High German,1225,verlieren,12.774112848225492
0,1,High German,1225,verlieren,12.774112848225492
0,1,High German,1225,verlieren,12.774112848225492
0,1,High German,1225,ziehen,12.911148396955392
0,1,High German,1225,verlieren,12.774112848225492
0,1,High German,1225,ziehen,12.911148396955392
0,1,High German,1225,ziehen,12.911148396955392
1,0,High German,1225,fliehen,11.081311434367002
0,1,High German,1225,kiesen,0.0
0,1,High German,1225,leihen,9.387816877106937
0,1,High German,1225,ziehen,12.911148396955392
0,1,High German,1050,verlieren,12.774112848225492
0,1,High German,1050,reisen,11.160598199024916
0,0,High German,1210,fliehen,11.081311434367002
0,1,High German,1210,ziehen,12.911148396955392
0,1,High German,1210,verlieren,12.774112848225492
0,1,High German,1210,ziehen,12.911148396955392
0,1,High German,1210,verlieren,12.774112848225492
0,1,High German,1210,kiesen,0.0
1,1,High German,1210,kiesen,0.0
1,1,High German,1210,verlieren,12.774112848225492
0,1,High German,1210,ziehen,12.911148396955392
0,1,High German,1210,kiesen,0.0
0,1,High German,1210,ziehen,12.911148396955392
0,1,High German,1210,kiesen,0.0
0,0,High German,1210,fliehen,11.081311434367002
0,1,High German,1210,ziehen,12.911148396955392
1,1,High German,1210,verlieren,12.774112848225492
0,1,High German,1210,verlieren,12.774112848225492
0,1,High German,1210,ziehen,12.911148396955392
0,1,High German,1210,ziehen,12.911148396955392
0,1,High German,1210,verlieren,12.774112848225492
1,1,High German,1210,verlieren,12.774112848225492
0,1,High German,1210,ziehen,12.911148396955392
0,0,High German,1210,fliehen,11.081311434367002
0,1,High German,1210,verlieren,12.774112848225492
0,1,High German,1210,kiesen,0.0
1,1,High German,1210,leihen,9.387816877106937
0,1,High German,1210,ziehen,12.911148396955392
0,0,High German,1210,fliehen,11.081311434367002
0,1,High German,1210,ziehen,12.911148396955392
0,0,High German,1210,fliehen,11.081311434367002
0,1,High German,1210,ziehen,12.911148396955392
0,1,High German,1210,verlieren,12.774112848225492
0,1,High German,1210,kiesen,0.0
0,1,High German,1210,kiesen,0.0
0,1,High German,1210,verlieren,12.774112848225492
0,1,High German,1210,verlieren,12.774112848225492
0,1,High German,1210,kiesen,0.0
0,1,High German,1210,ziehen,12.911148396955392
0,1,High German,1210,kiesen,0.0
0,1,High German,1210,verlieren,12.774112848225492
0,1,High German,1210,verlieren,12.774112848225492
0,1,High German,1140,kiesen,0.0
0,1,High German,1140,verlieren,12.774112848225492
0,1,High German,1140,verlieren,12.774112848225492
1,1,High German,1140,ziehen,12.911148396955392
0,1,High German,1140,verlieren,12.774112848225492
0,1,High German,1140,kiesen,0.0
0,1,High German,1140,kiesen,0.0
0,1,High German,1140,verlieren,12.774112848225492
0,1,High German,1140,verlieren,12.774112848225492
0,1,High German,1140,ziehen,12.911148396955392
0,1,High German,1140,verlieren,12.774112848225492
0,1,High German,1140,kiesen,0.0
0,1,High German,1140,ziehen,12.911148396955392
0,1,High German,1140,verlieren,12.774112848225492
0,1,High German,1140,verlieren,12.774112848225492
0,1,High German,1140,kiesen,0.0
0,1,High German,1140,verlieren,12.774112848225492
0,1,High German,1140,kiesen,0.0
0,1,High German,1140,verlieren,12.774112848225492
0,1,High German,1140,ziehen,12.911148396955392
0,1,High German,1140,kiesen,0.0
0,1,High German,1140,verlieren,12.774112848225492
0,1,High German,1140,kiesen,0.0
0,1,High German,1140,verlieren,12.774112848225492
0,1,High German,1140,verlieren,12.774112848225492
1,1,High German,1140,verlieren,12.774112848225492
1,1,High German,1140,kiesen,0.0
0,1,High German,1140,verlieren,12.774112848225492
0,1,High German,1140,verlieren,12.774112848225492
0,1,High German,1140,verlieren,12.774112848225492
0,1,High German,1140,kiesen,0.0
0,1,High German,1140,verlieren,12.774112848225492
0,1,High German,1140,kiesen,0.0
0,1,High German,1140,verlieren,12.774112848225492
0,0,High German,1140,fliehen,11.081311434367002
0,1,Low German,1250,kiesen,0.0
0,1,Low German,1250,kiesen,0.0
0,1,Low German,1250,kiesen,0.0
0,1,Low German,1250,kiesen,0.0
0,1,Low German,1250,kiesen,0.0
0,1,Low German,1250,kiesen,0.0
0,1,Low German,1250,kiesen,0.0
0,1,Low German,1250,kiesen,0.0
0,1,Low German,1250,verlieren,12.774112848225492
0,1,Low German,1250,verlieren,12.774112848225492
0,1,Low German,1250,kiesen,0.0
0,1,Low German,1250,kiesen,0.0
0,1,Low German,1250,kiesen,0.0
0,1,Low German,1250,kiesen,0.0
0,1,Low German,1250,kiesen,0.0
0,1,Low German,1250,kiesen,0.0
0,1,Low German,1250,kiesen,0.0
0,1,Low German,1250,kiesen,0.0
0,1,Low German,1250,kiesen,0.0
0,1,Low German,1250,verlieren,12.774112848225492
0,1,Low German,1250,kiesen,0.0
0,1,Low German,1250,verlieren,12.774112848225492
0,1,Low German,1250,kiesen,0.0
0,1,Low German,1250,verlieren,12.774112848225492
0,1,Low German,1250,kiesen,0.0
0,1,Low German,1250,kiesen,0.0
0,1,Low German,1250,kiesen,0.0
0,1,Low German,1250,kiesen,0.0
0,1,Low German,1250,kiesen,0.0
0,1,Low German,1250,verlieren,12.774112848225492
0,1,Low German,1250,kiesen,0.0
0,1,Low German,1250,kiesen,0.0
0,1,Low German,1250,kiesen,0.0
0,1,Low German,1250,kiesen,0.0
0,1,Low German,1250,kiesen,0.0
0,1,High German,1172,verlieren,12.774112848225492
1,1,High German,1172,leihen,9.387816877106937
1,0,High German,1172,fliehen,11.081311434367002
0,1,High German,1172,verlieren,12.774112848225492
0,1,High German,1172,kiesen,0.0
1,0,High German,1172,fliehen,11.081311434367002
0,1,High German,1172,leihen,9.387816877106937
0,1,High German,1172,kiesen,0.0
0,1,High German,1172,kiesen,0.0
0,1,High German,1172,verlieren,12.774112848225492
0,1,High German,1172,ziehen,12.911148396955392
0,1,High German,1172,leihen,9.387816877106937
0,1,High German,1172,ziehen,12.911148396955392
0,1,High German,1172,verlieren,12.774112848225492
0,1,High German,1172,ziehen,12.911148396955392
0,1,High German,1172,leihen,9.387816877106937
0,1,High German,1172,ziehen,12.911148396955392
1,0,High German,1172,fliehen,11.081311434367002
0,0,High German,1172,fliehen,11.081311434367002
0,1,High German,1172,leihen,9.387816877106937
0,0,High German,1172,fliehen,11.081311434367002
0,1,High German,1172,ziehen,12.911148396955392
0,1,High German,1172,ziehen,12.911148396955392
0,1,High German,1172,leihen,9.387816877106937
0,1,High German,1172,ziehen,12.911148396955392
0,1,High German,1172,verlieren,12.774112848225492
0,1,High German,1172,leihen,9.387816877106937
0,1,High German,1172,kiesen,0.0
0,1,High German,1172,verlieren,12.774112848225492
0,0,High German,1172,fliehen,11.081311434367002
0,1,High German,1172,verlieren,12.774112848225492
1,1,High German,1172,verlieren,12.774112848225492
0,1,High German,1172,kiesen,0.0
0,1,High German,1172,verlieren,12.774112848225492
0,1,High German,1172,kiesen,0.0
1,0,High German,1172,fliehen,11.081311434367002
0,1,High German,1172,verlieren,12.774112848225492
0,1,High German,1172,verlieren,12.774112848225492
0,1,High German,1172,kiesen,0.0
1,0,High German,1172,fliehen,11.081311434367002
0,0,High German,1172,fliehen,11.081311434367002
0,1,High German,1172,verlieren,12.774112848225492
0,0,High German,1172,fliehen,11.081311434367002
0,1,High German,1172,ziehen,12.911148396955392
0,0,High German,1172,fliehen,11.081311434367002
0,1,High German,1172,verlieren,12.774112848225492
0,0,High German,1172,fliehen,11.081311434367002
0,1,High German,1172,ziehen,12.911148396955392
1,0,High German,1172,fliehen,11.081311434367002
1,0,High German,1172,fliehen,11.081311434367002
0,1,High German,1172,verlieren,12.774112848225492
0,0,High German,1172,fliehen,11.081311434367002
0,1,High German,1172,verlieren,12.774112848225492
1,0,High German,1172,fliehen,11.081311434367002
0,1,High German,1172,ziehen,12.911148396955392
0,1,High German,1172,verlieren,12.774112848225492
0,0,High German,1172,fliehen,11.081311434367002
1,0,High German,1172,fliehen,11.081311434367002
0,0,High German,1172,fliehen,11.081311434367002
0,1,High German,1172,ziehen,12.911148396955392
0,1,High German,1172,verlieren,12.774112848225492
0,1,High German,1172,kiesen,0.0
0,1,High German,1172,verlieren,12.774112848225492
0,1,High German,1172,verlieren,12.774112848225492
0,1,High German,1172,verlieren,12.774112848225492
0,0,High German,1172,fliehen,11.081311434367002
0,0,High German,1172,fliehen,11.081311434367002
0,1,High German,1172,kiesen,0.0
0,1,High German,1172,kiesen,0.0
0,1,High German,1172,leihen,9.387816877106937
0,1,High German,1172,ziehen,12.911148396955392
0,1,High German,1172,verlieren,12.774112848225492
0,1,High German,1172,verlieren,12.774112848225492
0,0,High German,1172,fliehen,11.081311434367002
0,1,High German,1172,leihen,9.387816877106937
0,1,High German,1172,leihen,9.387816877106937
0,1,High German,1172,kiesen,0.0
0,1,High German,1172,verlieren,12.774112848225492
0,1,High German,1172,ziehen,12.911148396955392
0,1,High German,1172,verlieren,12.774112848225492
0,1,High German,1172,verlieren,12.774112848225492
1,1,High German,1140,leihen,9.387816877106937
0,0,High German,1140,fliehen,11.081311434367002
0,0,High German,1140,fliehen,11.081311434367002
0,0,High German,1140,fliehen,11.081311434367002
0,1,High German,1140,kiesen,0.0
0,1,High German,1140,leihen,9.387816877106937
0,1,High German,1140,kiesen,0.0
0,1,Low German,1285,ziehen,12.911148396955392
0,1,Low German,1285,ziehen,12.911148396955392
1,0,Low German,1285,fliehen,11.081311434367002
0,1,Low German,1285,verlieren,12.774112848225492
0,0,Low German,1285,fliehen,11.081311434367002
0,1,Low German,1285,ziehen,12.911148396955392
0,1,Low German,1285,verlieren,12.774112848225492
0,1,Low German,1285,kiesen,0.0
0,1,Low German,1285,ziehen,12.911148396955392
0,0,Low German,1285,fliehen,11.081311434367002
0,1,Low German,1285,ziehen,12.911148396955392
0,1,Low German,1285,ziehen,12.911148396955392
0,0,Low German,1285,fliehen,11.081311434367002
0,1,Low German,1285,verlieren,12.774112848225492
0,1,Low German,1285,ziehen,12.911148396955392
0,1,Low German,1285,verlieren,12.774112848225492
0,0,Low German,1285,fliehen,11.081311434367002
0,0,Low German,1285,fliehen,11.081311434367002
0,0,Low German,1285,fliehen,11.081311434367002
0,1,Low German,1285,ziehen,12.911148396955392
0,1,Low German,1285,verlieren,12.774112848225492
0,1,Low German,1285,verlieren,12.774112848225492
1,1,Low German,1285,ziehen,12.911148396955392
0,1,High German,1225,verlieren,12.774112848225492
1,1,High German,1225,ziehen,12.911148396955392
0,1,High German,1225,ziehen,12.911148396955392
0,0,High German,1160,fliehen,11.081311434367002
0,1,High German,1160,ziehen,12.911148396955392
0,1,High German,1160,leihen,9.387816877106937
0,1,High German,1160,kiesen,0.0
0,1,High German,1160,verlieren,12.774112848225492
0,1,High German,1160,kiesen,0.0
0,1,High German,1160,kiesen,0.0
0,1,High German,1160,verlieren,12.774112848225492
0,1,High German,1160,kiesen,0.0
0,1,High German,1160,verlieren,12.774112848225492
0,1,High German,1160,leihen,9.387816877106937
0,1,High German,1160,leihen,9.387816877106937
0,1,High German,1160,ziehen,12.911148396955392
0,0,High German,1050,fliehen,11.081311434367002
0,1,High German,1050,ziehen,12.911148396955392
0,1,Low German,1275,ziehen,12.911148396955392
0,1,Low German,1275,ziehen,12.911148396955392
0,1,Low German,1275,verlieren,12.774112848225492
0,1,Low German,1275,verlieren,12.774112848225492
0,1,Low German,1275,verlieren,12.774112848225492
0,1,Low German,1275,verlieren,12.774112848225492
0,1,Low German,1275,verlieren,12.774112848225492
1,1,Upper German,1250,leihen,9.387816877106937
1,1,Upper German,1250,leihen,9.387816877106937
0,1,Upper German,1250,ziehen,12.911148396955392
0,1,Upper German,1250,ziehen,12.911148396955392
1,0,Upper German,1250,fliehen,11.081311434367002
0,1,Upper German,1250,ziehen,12.911148396955392
0,1,Upper German,1250,ziehen,12.911148396955392
0,1,Upper German,1250,ziehen,12.911148396955392
0,1,High German,1065,ziehen,12.911148396955392
0,1,High German,1065,ziehen,12.911148396955392
0,1,High German,1065,ziehen,12.911148396955392
0,1,High German,1065,gedeihen,9.515616752828915
0,1,High German,1065,gedeihen,9.515616752828915
0,1,High German,1065,ziehen,12.911148396955392
0,1,High German,1065,ziehen,12.911148396955392
0,1,High German,1065,kiesen,0.0
0,0,High German,1065,fliehen,11.081311434367002
0,0,High German,1225,fliehen,11.081311434367002
0,1,High German,1225,kiesen,0.0
0,1,High German,1225,verlieren,12.774112848225492
0,1,High German,1225,kiesen,0.0
0,1,High German,1225,leihen,9.387816877106937
0,1,High German,1225,leihen,9.387816877106937
0,1,High German,1225,leihen,9.387816877106937
1,1,High German,1275,leihen,9.387816877106937
1,1,High German,1275,leihen,9.387816877106937
0,1,High German,1275,leihen,9.387816877106937
0,1,High German,1275,verlieren,12.774112848225492
0,1,High German,1275,verlieren,12.774112848225492
0,1,High German,1275,verlieren,12.774112848225492
0,1,High German,1275,verlieren,12.774112848225492
0,1,High German,1275,verlieren,12.774112848225492
0,1,High German,1275,verlieren,12.774112848225492
0,1,High German,1275,verlieren,12.774112848225492
0,1,High German,1275,kiesen,0.0
0,1,High German,1275,kiesen,0.0
0,1,High German,1275,leihen,9.387816877106937
0,1,High German,1275,leihen,9.387816877106937
0,1,High German,1275,leihen,9.387816877106937
0,1,High German,1275,leihen,9.387816877106937
0,1,High German,1275,leihen,9.387816877106937
0,1,High German,1275,verlieren,12.774112848225492
0,1,High German,1275,ziehen,12.911148396955392
0,1,High German,1275,verlieren,12.774112848225492
0,1,High German,1275,verlieren,12.774112848225492
0,1,High German,1275,leihen,9.387816877106937
0,1,High German,1275,leihen,9.387816877106937
0,1,High German,1275,leihen,9.387816877106937
0,1,High German,1275,leihen,9.387816877106937
0,1,High German,1275,leihen,9.387816877106937
0,1,High German,1275,leihen,9.387816877106937
0,1,High German,1275,leihen,9.387816877106937
0,1,High German,1275,leihen,9.387816877106937
0,1,High German,1275,leihen,9.387816877106937
0,1,High German,1275,leihen,9.387816877106937
0,1,High German,1275,verlieren,12.774112848225492
0,1,High German,1275,leihen,9.387816877106937
0,1,High German,1275,verlieren,12.774112848225492
0,1,High German,1275,verlieren,12.774112848225492
0,0,High German,1275,fliehen,11.081311434367002
0,0,High German,1275,fliehen,11.081311434367002
0,1,High German,1275,verlieren,12.774112848225492
0,1,High German,1275,ziehen,12.911148396955392
1,1,High German,1275,verlieren,12.774112848225492
0,1,High German,1275,ziehen,12.911148396955392
0,0,High German,1275,fliehen,11.081311434367002
0,0,High German,1275,fliehen,11.081311434367002
0,1,High German,1275,ziehen,12.911148396955392
0,1,High German,1275,verlieren,12.774112848225492
0,1,High German,1275,verlieren,12.774112848225492
0,1,High German,1275,leihen,9.387816877106937
0,1,High German,1275,verlieren,12.774112848225492
1,1,High German,1275,leihen,9.387816877106937
0,1,High German,1275,leihen,9.387816877106937
0,1,High German,1275,leihen,9.387816877106937
1,1,High German,1275,leihen,9.387816877106937
1,1,High German,1275,leihen,9.387816877106937
0,1,High German,1325,ziehen,12.911148396955392
0,1,High German,1325,kiesen,0.0
0,1,High German,1325,ziehen,12.911148396955392
0,1,High German,1250,kiesen,0.0
1,0,Low German,1190,fliehen,11.081311434367002
0,1,Low German,1225,leihen,9.387816877106937
1,0,Low German,1225,fliehen,11.081311434367002
0,1,Low German,1225,verlieren,12.774112848225492
0,1,Low German,1225,gedeihen,9.515616752828915
0,0,Low German,1225,fliehen,11.081311434367002
0,0,Low German,1225,fliehen,11.081311434367002
0,1,Low German,1225,kiesen,0.0
1,1,Low German,1225,ziehen,12.911148396955392
0,1,Low German,1225,verlieren,12.774112848225492
0,1,Low German,1225,verlieren,12.774112848225492
0,1,Low German,1225,kiesen,0.0
0,1,Low German,1225,verlieren,12.774112848225492
1,0,Low German,1225,fliehen,11.081311434367002
1,0,Low German,1225,fliehen,11.081311434367002
0,1,Low German,1225,ziehen,12.911148396955392
0,1,Low German,1225,verlieren,12.774112848225492
0,1,Low German,1225,reisen,11.160598199024916
0,1,Low German,1225,verlieren,12.774112848225492
0,1,Low German,1225,verlieren,12.774112848225492
0,1,Low German,1225,gedeihen,9.515616752828915
0,1,Low German,1225,verlieren,12.774112848225492
0,1,Low German,1225,kiesen,0.0
0,1,Low German,1225,ziehen,12.911148396955392
0,1,Low German,1225,kiesen,0.0
0,1,Low German,1225,ziehen,12.911148396955392
0,1,Low German,1225,kiesen,0.0
0,1,Low German,1225,kiesen,0.0
0,1,Low German,1225,kiesen,0.0
0,1,Low German,1225,verlieren,12.774112848225492
0,1,Low German,1225,ziehen,12.911148396955392
0,1,Low German,1225,kiesen,0.0
1,0,Low German,1225,fliehen,11.081311434367002
0,1,Low German,1225,verlieren,12.774112848225492
0,1,Low German,1225,kiesen,0.0
1,0,Low German,1225,fliehen,11.081311434367002
0,1,Low German,1225,ziehen,12.911148396955392
0,1,Low German,1225,ziehen,12.911148396955392
0,1,Low German,1225,gedeihen,9.515616752828915
0,1,Low German,1225,leihen,9.387816877106937
0,1,Low German,1225,ziehen,12.911148396955392
0,1,Low German,1225,gedeihen,9.515616752828915
0,1,Low German,1225,verlieren,12.774112848225492
0,1,Low German,1225,kiesen,0.0
0,1,Low German,1225,ziehen,12.911148396955392
0,1,Low German,1225,ziehen,12.911148396955392
0,0,Low German,1225,fliehen,11.081311434367002
0,1,Low German,1225,ziehen,12.911148396955392
0,1,Low German,1225,kiesen,0.0
0,1,Low German,1225,kiesen,0.0
0,1,Low German,1225,verlieren,12.774112848225492
0,1,Low German,1225,ziehen,12.911148396955392
0,0,Low German,1225,fliehen,11.081311434367002
0,1,Low German,1225,verlieren,12.774112848225492
0,1,Low German,1225,kiesen,0.0
0,1,Low German,1225,kiesen,0.0
0,1,Low German,1225,verlieren,12.774112848225492
0,1,Low German,1225,kiesen,0.0
0,1,Low German,1225,ziehen,12.911148396955392
0,1,Low German,1225,ziehen,12.911148396955392
0,0,Low German,1225,fliehen,11.081311434367002
0,1,High German,1225,verlieren,12.774112848225492
0,1,High German,1225,ziehen,12.911148396955392
0,0,High German,1225,fliehen,11.081311434367002
1,0,High German,1225,fliehen,11.081311434367002
0,1,High German,1225,kiesen,0.0
0,1,High German,1225,ziehen,12.911148396955392
0,1,High German,1225,verlieren,12.774112848225492
0,1,High German,1225,verlieren,12.774112848225492
0,0,High German,1225,fliehen,11.081311434367002
0,0,High German,1225,fliehen,11.081311434367002
0,1,High German,1225,verlieren,12.774112848225492
0,0,High German,1225,fliehen,11.081311434367002
0,1,High German,1225,ziehen,12.911148396955392
0,0,High German,1225,fliehen,11.081311434367002
0,0,High German,1225,fliehen,11.081311434367002
0,0,High German,1225,fliehen,11.081311434367002
0,0,High German,1225,fliehen,11.081311434367002
0,0,High German,1225,fliehen,11.081311434367002
0,0,High German,1225,fliehen,11.081311434367002
0,1,High German,1225,ziehen,12.911148396955392
0,1,High German,1225,verlieren,12.774112848225492
0,1,High German,1225,verlieren,12.774112848225492
0,1,High German,1225,verlieren,12.774112848225492
0,1,High German,1225,ziehen,12.911148396955392
0,1,High German,1225,ziehen,12.911148396955392
0,0,High German,1225,fliehen,11.081311434367002
0,1,High German,1225,ziehen,12.911148396955392
0,1,High German,1225,verlieren,12.774112848225492
0,1,High German,1225,verlieren,12.774112848225492
0,1,High German,1225,kiesen,0.0
0,1,High German,1225,leihen,9.387816877106937
0,1,High German,1325,ziehen,12.911148396955392
0,0,High German,1325,fliehen,11.081311434367002
0,0,High German,1325,fliehen,11.081311434367002
1,0,High German,1325,fliehen,11.081311434367002
0,1,High German,1325,kiesen,0.0
1,0,High German,1325,fliehen,11.081311434367002
0,0,High German,1325,fliehen,11.081311434367002
0,1,High German,1325,ziehen,12.911148396955392
0,0,High German,1325,fliehen,11.081311434367002
0,1,High German,1325,verlieren,12.774112848225492
0,1,High German,1325,ziehen,12.911148396955392
0,1,High German,1325,verlieren,12.774112848225492
0,1,High German,1325,ziehen,12.911148396955392
0,1,High German,1325,kiesen,0.0
0,1,High German,1325,verlieren,12.774112848225492
0,1,High German,1325,ziehen,12.911148396955392
0,1,High German,1325,ziehen,12.911148396955392
0,1,High German,1325,ziehen,12.911148396955392
0,1,High German,1325,ziehen,12.911148396955392
0,0,High German,1325,fliehen,11.081311434367002
0,0,High German,1325,fliehen,11.081311434367002
0,1,High German,1325,ziehen,12.911148396955392
0,1,High German,1325,ziehen,12.911148396955392
0,1,High German,1325,leihen,9.387816877106937
0,1,High German,1325,ziehen,12.911148396955392
0,1,High German,1342,ziehen,12.911148396955392
0,1,High German,1342,verlieren,12.774112848225492
0,1,High German,1342,ziehen,12.911148396955392
0,1,High German,1342,kiesen,0.0
0,1,High German,1342,ziehen,12.911148396955392
0,1,High German,1342,kiesen,0.0
0,1,High German,1342,kiesen,0.0
0,1,High German,1342,ziehen,12.911148396955392
0,1,High German,1342,leihen,9.387816877106937
0,1,High German,1342,ziehen,12.911148396955392
0,1,High German,1342,ziehen,12.911148396955392
0,1,High German,1342,ziehen,12.911148396955392
0,1,Low German,1160,verlieren,12.774112848225492
0,1,Low German,1160,kiesen,0.0
0,1,Low German,1160,verlieren,12.774112848225492
0,1,Low German,1160,verlieren,12.774112848225492
0,1,High German,1225,ziehen,12.911148396955392
0,1,High German,1225,ziehen,12.911148396955392
0,1,High German,1225,kiesen,0.0
1,1,Low German,1325,verlieren,12.774112848225492
0,1,Low German,1325,verlieren,12.774112848225492
0,1,Low German,1325,verlieren,12.774112848225492
0,1,Low German,1325,verlieren,12.774112848225492
0,1,Low German,1325,verlieren,12.774112848225492
0,1,Low German,1325,verlieren,12.774112848225492
0,0,Low German,1325,fliehen,11.081311434367002
0,1,Low German,1325,ziehen,12.911148396955392
0,1,Low German,1325,ziehen,12.911148396955392
0,1,High German,1140,verlieren,12.774112848225492
0,1,High German,1140,ziehen,12.911148396955392
0,1,High German,1140,ziehen,12.911148396955392
0,1,High German,1200,verlieren,12.774112848225492
0,1,High German,1200,verlieren,12.774112848225492
0,1,High German,1200,verlieren,12.774112848225492
0,1,High German,1200,ziehen,12.911148396955392
0,1,High German,1200,verlieren,12.774112848225492
0,1,High German,1200,ziehen,12.911148396955392
0,1,High German,1200,verlieren,12.774112848225492
0,1,High German,1200,verlieren,12.774112848225492
0,1,High German,1200,ziehen,12.911148396955392
0,1,High German,1200,leihen,9.387816877106937
0,1,High German,1200,ziehen,12.911148396955392
1,0,High German,1200,fliehen,11.081311434367002
0,1,High German,1200,ziehen,12.911148396955392
0,1,High German,1200,leihen,9.387816877106937
0,1,High German,1200,verlieren,12.774112848225492
0,1,Low German,1175,verlieren,12.774112848225492
0,1,Low German,1175,verlieren,12.774112848225492
0,1,Low German,1175,ziehen,12.911148396955392
0,1,Low German,1175,ziehen,12.911148396955392
0,1,Low German,1175,verlieren,12.774112848225492
0,1,High German,1325,ziehen,12.911148396955392
0,1,High German,1325,ziehen,12.911148396955392
0,1,High German,1325,ziehen,12.911148396955392
0,1,High German,1325,ziehen,12.911148396955392
0,1,High German,1325,ziehen,12.911148396955392
0,1,High German,1325,ziehen,12.911148396955392
0,1,High German,1325,leihen,9.387816877106937
0,1,High German,1140,kiesen,0.0
0,1,High German,1125,verlieren,12.774112848225492
0,1,High German,1125,kiesen,0.0
0,1,High German,1125,verlieren,12.774112848225492
0,1,High German,1125,ziehen,12.911148396955392
0,1,High German,1125,leihen,9.387816877106937
0,1,High German,1125,verlieren,12.774112848225492
1,1,High German,1125,leihen,9.387816877106937
0,1,High German,1125,kiesen,0.0
0,1,High German,1125,kiesen,0.0
0,1,High German,1125,verlieren,12.774112848225492
0,1,High German,1125,leihen,9.387816877106937
0,1,High German,1125,kiesen,0.0
0,1,Low German,1250,ziehen,12.911148396955392
0,1,Low German,1250,ziehen,12.911148396955392
1,1,Low German,1250,kiesen,0.0
0,1,Low German,1250,verlieren,12.774112848225492
0,1,Low German,1250,kiesen,0.0
0,1,Low German,1250,verlieren,12.774112848225492
0,1,Low German,1250,verlieren,12.774112848225492
0,1,Low German,1250,kiesen,0.0
0,1,Low German,1250,verlieren,12.774112848225492
0,1,Low German,1250,kiesen,0.0
0,1,Low German,1250,ziehen,12.911148396955392
0,1,Low German,1250,verlieren,12.774112848225492
0,1,Low German,1250,ziehen,12.911148396955392
0,1,Low German,1250,ziehen,12.911148396955392
0,1,Low German,1250,verlieren,12.774112848225492
0,1,Low German,1250,ziehen,12.911148396955392
0,1,Low German,1250,ziehen,12.911148396955392
1,1,Low German,1250,ziehen,12.911148396955392
0,1,Low German,1250,ziehen,12.911148396955392
0,1,High German,1150,reisen,11.160598199024916
1,1,Low German,1225,leihen,9.387816877106937
0,1,High German,1150,verlieren,12.774112848225492
0,1,High German,1150,verlieren,12.774112848225492
0,1,High German,1150,kiesen,0.0
0,1,High German,1150,kiesen,0.0
0,1,High German,1150,verlieren,12.774112848225492
0,0,High German,1150,fliehen,11.081311434367002
1,1,High German,1150,verlieren,12.774112848225492
0,1,High German,1150,ziehen,12.911148396955392
0,0,High German,1150,fliehen,11.081311434367002
0,1,High German,1150,verlieren,12.774112848225492
0,0,High German,1150,fliehen,11.081311434367002
0,1,High German,1150,verlieren,12.774112848225492
0,1,High German,1150,leihen,9.387816877106937
0,1,High German,1250,ziehen,12.911148396955392
1,1,High German,1250,leihen,9.387816877106937
0,1,High German,1250,ziehen,12.911148396955392
0,1,High German,1250,ziehen,12.911148396955392
0,1,High German,1250,verlieren,12.774112848225492
0,1,High German,1250,verlieren,12.774112848225492
0,1,High German,1250,ziehen,12.911148396955392
1,1,High German,1250,leihen,9.387816877106937
1,1,High German,1250,leihen,9.387816877106937
0,1,High German,1250,ziehen,12.911148396955392
0,1,High German,1250,ziehen,12.911148396955392
1,1,High German,1250,leihen,9.387816877106937
1,1,High German,1250,leihen,9.387816877106937
0,1,High German,1250,ziehen,12.911148396955392
0,0,High German,1250,fliehen,11.081311434367002
0,1,High German,1250,ziehen,12.911148396955392
0,1,High German,1225,leihen,9.387816877106937
1,1,High German,1180,verlieren,12.774112848225492
0,1,High German,1180,verlieren,12.774112848225492
0,1,High German,1180,verlieren,12.774112848225492
0,1,High German,1180,verlieren,12.774112848225492
0,1,High German,1180,kiesen,0.0
0,1,High German,1180,verlieren,12.774112848225492
0,1,High German,1180,verlieren,12.774112848225492
0,1,High German,1180,verlieren,12.774112848225492
0,1,High German,1180,ziehen,12.911148396955392
0,1,High German,1180,verlieren,12.774112848225492
0,1,High German,1180,verlieren,12.774112848225492
0,1,Low German,1250,verlieren,12.774112848225492
0,1,Low German,1250,verlieren,12.774112848225492
0,1,High German,1075,verlieren,12.774112848225492
0,1,High German,1050,ziehen,12.911148396955392
0,1,High German,1050,ziehen,12.911148396955392
0,1,High German,1050,verlieren,12.774112848225492
0,1,High German,1050,ziehen,12.911148396955392
0,1,High German,1050,verlieren,12.774112848225492
0,1,High German,1050,kiesen,0.0
0,1,High German,1050,ziehen,12.911148396955392
0,1,High German,1050,kiesen,0.0
0,1,High German,1050,verlieren,12.774112848225492
0,1,High German,1050,verlieren,12.774112848225492
0,1,High German,1050,kiesen,0.0
0,1,High German,1050,kiesen,0.0
0,1,High German,1050,kiesen,0.0
0,1,High German,1050,verlieren,12.774112848225492
0,1,High German,1050,verlieren,12.774112848225492
0,1,High German,1050,kiesen,0.0
0,1,High German,1050,verlieren,12.774112848225492
0,1,High German,1050,verlieren,12.774112848225492
0,1,High German,1050,verlieren,12.774112848225492
0,1,High German,1050,verlieren,12.774112848225492
0,1,High German,1050,kiesen,0.0
0,1,High German,1050,kiesen,0.0
0,1,High German,1050,kiesen,0.0
0,1,High German,1050,verlieren,12.774112848225492
0,1,High German,1050,verlieren,12.774112848225492
0,1,High German,1050,ziehen,12.911148396955392
0,1,High German,1050,kiesen,0.0
0,1,High German,1050,ziehen,12.911148396955392
1,1,High German,1050,leihen,9.387816877106937
1,1,High German,1050,reisen,11.160598199024916
0,1,High German,1050,ziehen,12.911148396955392
0,1,High German,1050,leihen,9.387816877106937
0,1,High German,1050,ziehen,12.911148396955392
0,1,High German,1050,verlieren,12.774112848225492
0,1,High German,1050,gedeihen,9.515616752828915
0,1,High German,1050,leihen,9.387816877106937
0,1,High German,1050,verlieren,12.774112848225492
0,1,High German,1050,verlieren,12.774112848225492
0,1,High German,1050,leihen,9.387816877106937
0,1,High German,1050,gedeihen,9.515616752828915
0,1,High German,1050,leihen,9.387816877106937
0,1,High German,1050,ziehen,12.911148396955392
0,1,High German,1050,ziehen,12.911148396955392
0,1,High German,1050,ziehen,12.911148396955392
0,1,High German,1050,ziehen,12.911148396955392
0,1,High German,1050,ziehen,12.911148396955392
0,1,High German,1050,ziehen,12.911148396955392
0,1,High German,1050,ziehen,12.911148396955392
0,1,High German,1050,verlieren,12.774112848225492
0,1,High German,1050,kiesen,0.0
0,1,High German,1050,ziehen,12.911148396955392
0,1,High German,1050,verlieren,12.774112848225492
0,1,High German,1050,kiesen,0.0
0,0,High German,1050,fliehen,11.081311434367002
0,1,High German,1050,ziehen,12.911148396955392
0,1,High German,1050,verlieren,12.774112848225492
0,1,High German,1050,kiesen,0.0
0,1,High German,1050,verlieren,12.774112848225492
1,1,High German,1050,verlieren,12.774112848225492
0,1,High German,1050,ziehen,12.911148396955392
0,1,High German,1050,verlieren,12.774112848225492
0,1,High German,1050,ziehen,12.911148396955392
0,1,High German,1050,verlieren,12.774112848225492
0,0,High German,1050,fliehen,11.081311434367002
0,1,High German,1050,verlieren,12.774112848225492
0,1,High German,1050,leihen,9.387816877106937
0,1,High German,1050,kiesen,0.0
0,1,High German,1050,kiesen,0.0
0,1,High German,1050,ziehen,12.911148396955392
0,1,High German,1050,verlieren,12.774112848225492
0,1,High German,1050,reisen,11.160598199024916
0,1,High German,1050,kiesen,0.0
0,1,High German,1050,ziehen,12.911148396955392
0,1,High German,1050,verlieren,12.774112848225492
0,1,High German,1225,leihen,9.387816877106937
0,1,High German,1225,verlieren,12.774112848225492
0,0,High German,1150,fliehen,11.081311434367002
0,0,High German,1150,fliehen,11.081311434367002
0,0,High German,1150,fliehen,11.081311434367002
0,1,High German,1150,verlieren,12.774112848225492
0,1,High German,1150,verlieren,12.774112848225492
1,0,High German,1150,fliehen,11.081311434367002
0,1,High German,1150,ziehen,12.911148396955392
0,1,High German,1150,leihen,9.387816877106937
0,1,High German,1140,verlieren,12.774112848225492
0,1,High German,1140,verlieren,12.774112848225492
0,1,High German,1140,ziehen,12.911148396955392
0,0,High German,1140,fliehen,11.081311434367002
0,1,High German,1140,verlieren,12.774112848225492
0,1,High German,1325,verlieren,12.774112848225492
0,1,High German,1325,kiesen,0.0
0,1,High German,1325,kiesen,0.0
0,1,High German,1325,verlieren,12.774112848225492
0,1,High German,1325,kiesen,0.0
0,1,High German,1325,verlieren,12.774112848225492
0,1,High German,1325,ziehen,12.911148396955392
0,1,High German,1325,ziehen,12.911148396955392
0,1,High German,1325,ziehen,12.911148396955392
0,1,High German,1325,kiesen,0.0
0,1,High German,1325,ziehen,12.911148396955392
0,1,High German,1325,kiesen,0.0
0,1,High German,1325,kiesen,0.0
0,1,High German,1325,verlieren,12.774112848225492
0,1,High German,1325,kiesen,0.0
0,1,High German,1325,gedeihen,9.515616752828915
0,1,Low German,1080,verlieren,12.774112848225492
0,1,Low German,1080,kiesen,0.0
0,1,Low German,1080,verlieren,12.774112848225492
1,0,Low German,1080,fliehen,11.081311434367002
0,1,Low German,1080,ziehen,12.911148396955392
0,1,Low German,1080,verlieren,12.774112848225492
0,1,Low German,1080,verlieren,12.774112848225492
0,1,Low German,1080,kiesen,0.0
0,1,Low German,1190,ziehen,12.911148396955392
0,1,Low German,1190,kiesen,0.0
1,1,Low German,1190,ziehen,12.911148396955392
0,1,Low German,1190,verlieren,12.774112848225492
0,1,Low German,1190,kiesen,0.0
0,1,Low German,1190,verlieren,12.774112848225492
0,1,Low German,1190,verlieren,12.774112848225492
0,1,Low German,1190,verlieren,12.774112848225492
1,0,Low German,1190,fliehen,11.081311434367002
0,1,Low German,1190,verlieren,12.774112848225492
1,0,Low German,1190,fliehen,11.081311434367002
0,1,Low German,1190,verlieren,12.774112848225492
0,1,Low German,1190,verlieren,12.774112848225492
0,0,Low German,1190,fliehen,11.081311434367002
0,0,Low German,1190,fliehen,11.081311434367002
1,0,Low German,1190,fliehen,11.081311434367002
0,0,Low German,1190,fliehen,11.081311434367002
0,0,Low German,1190,fliehen,11.081311434367002
0,1,Low German,1190,verlieren,12.774112848225492
0,1,Low German,1190,verlieren,12.774112848225492
0,1,Low German,1190,kiesen,0.0
0,1,Low German,1190,verlieren,12.774112848225492
0,1,Low German,1190,ziehen,12.911148396955392
0,1,Low German,1190,kiesen,0.0
0,1,Low German,1190,ziehen,12.911148396955392
0,1,Low German,1190,verlieren,12.774112848225492
0,1,Low German,1190,verlieren,12.774112848225492
0,1,Low German,1190,kiesen,0.0
0,1,Low German,1190,verlieren,12.774112848225492
0,1,Low German,1190,ziehen,12.911148396955392
1,1,Low German,1190,ziehen,12.911148396955392
1,1,Low German,1190,ziehen,12.911148396955392
0,1,Low German,1190,ziehen,12.911148396955392
1,1,Low German,1190,ziehen,12.911148396955392
1,1,Low German,1190,ziehen,12.911148396955392
0,0,Low German,1190,fliehen,11.081311434367002
0,1,Low German,1190,ziehen,12.911148396955392
1,0,Low German,1190,fliehen,11.081311434367002
0,0,Low German,1190,fliehen,11.081311434367002
0,1,Low German,1190,verlieren,12.774112848225492
0,1,Low German,1190,ziehen,12.911148396955392
0,1,Low German,1190,ziehen,12.911148396955392
1,1,Low German,1190,ziehen,12.911148396955392
0,1,Low German,1190,verlieren,12.774112848225492
0,1,Low German,1190,verlieren,12.774112848225492
0,1,Low German,1190,verlieren,12.774112848225492
0,1,Low German,1190,verlieren,12.774112848225492
0,1,Low German,1190,verlieren,12.774112848225492
0,1,Low German,1190,verlieren,12.774112848225492
0,1,Low German,1190,ziehen,12.911148396955392
0,1,Low German,1190,kiesen,0.0
0,1,Low German,1190,verlieren,12.774112848225492
0,1,Low German,1190,verlieren,12.774112848225492
1,1,Low German,1190,ziehen,12.911148396955392
0,1,Low German,1190,verlieren,12.774112848225492
0,1,Low German,1190,ziehen,12.911148396955392
0,1,Low German,1190,ziehen,12.911148396955392
0,1,Low German,1190,ziehen,12.911148396955392
0,0,Low German,1190,fliehen,11.081311434367002
0,1,Low German,1190,verlieren,12.774112848225492
0,1,Low German,1190,verlieren,12.774112848225492
0,0,Low German,1190,fliehen,11.081311434367002
0,1,Low German,1190,verlieren,12.774112848225492
0,1,Low German,1190,ziehen,12.911148396955392
0,1,Low German,1190,ziehen,12.911148396955392
0,1,Low German,1190,verlieren,12.774112848225492
0,1,Low German,1190,verlieren,12.774112848225492
0,1,Low German,1190,ziehen,12.911148396955392
0,1,Low German,1190,verlieren,12.774112848225492
1,1,Low German,1190,kiesen,0.0
1,1,Low German,1190,verlieren,12.774112848225492
0,1,Low German,1190,verlieren,12.774112848225492
0,1,Low German,1190,verlieren,12.774112848225492
0,1,Low German,1190,verlieren,12.774112848225492
0,1,Low German,1190,verlieren,12.774112848225492
0,1,Low German,1190,ziehen,12.911148396955392
0,1,Low German,1190,ziehen,12.911148396955392
0,0,Low German,1190,fliehen,11.081311434367002
0,1,High German,1225,ziehen,12.911148396955392
0,1,High German,1225,verlieren,12.774112848225492
0,1,High German,1225,verlieren,12.774112848225492
0,1,High German,1225,kiesen,0.0
0,1,High German,1225,ziehen,12.911148396955392
0,1,High German,1225,ziehen,12.911148396955392
0,1,High German,1225,ziehen,12.911148396955392
0,0,High German,1225,fliehen,11.081311434367002
0,0,High German,1225,fliehen,11.081311434367002
0,1,High German,1225,verlieren,12.774112848225492
0,1,High German,1225,kiesen,0.0
1,1,High German,1225,leihen,9.387816877106937
0,1,High German,1225,ziehen,12.911148396955392
0,1,High German,1225,ziehen,12.911148396955392
0,1,High German,1225,verlieren,12.774112848225492
0,1,High German,1225,ziehen,12.911148396955392
0,1,High German,1225,kiesen,0.0
0,1,High German,1225,verlieren,12.774112848225492
1,1,High German,1225,verlieren,12.774112848225492
0,1,High German,1225,kiesen,0.0
0,1,High German,1225,verlieren,12.774112848225492
0,1,High German,1225,verlieren,12.774112848225492
0,1,High German,1225,kiesen,0.0
0,1,High German,1225,verlieren,12.774112848225492
0,1,High German,1225,kiesen,0.0
0,1,High German,1225,kiesen,0.0
0,1,High German,1225,kiesen,0.0
0,0,High German,1225,fliehen,11.081311434367002
1,0,Low German,1270,fliehen,11.081311434367002
1,0,Low German,1270,fliehen,11.081311434367002
0,0,High German,1200,fliehen,11.081311434367002
0,0,High German,1200,fliehen,11.081311434367002
0,1,High German,1200,ziehen,12.911148396955392
0,1,High German,1200,kiesen,0.0
0,1,High German,1200,verlieren,12.774112848225492
0,1,High German,1200,verlieren,12.774112848225492
0,1,High German,1160,verlieren,12.774112848225492
0,0,High German,1160,fliehen,11.081311434367002
0,0,High German,1160,fliehen,11.081311434367002
0,0,High German,1160,fliehen,11.081311434367002
0,1,High German,1160,reisen,11.160598199024916
0,0,High German,1160,fliehen,11.081311434367002
0,1,High German,1160,ziehen,12.911148396955392
0,1,High German,1160,kiesen,0.0
1,1,High German,1160,ziehen,12.911148396955392
0,1,High German,1160,verlieren,12.774112848225492
0,1,High German,1160,ziehen,12.911148396955392
0,1,High German,1160,kiesen,0.0
0,1,High German,1160,leihen,9.387816877106937
0,1,Low German,1160,verlieren,12.774112848225492
0,1,High German,1200,verlieren,12.774112848225492
0,1,High German,1200,ziehen,12.911148396955392
0,1,High German,1200,kiesen,0.0
0,1,High German,1180,kiesen,0.0
0,1,High German,1180,ziehen,12.911148396955392
0,1,High German,1180,leihen,9.387816877106937
0,0,High German,1250,fliehen,11.081311434367002
0,1,High German,1250,ziehen,12.911148396955392
0,1,High German,1250,ziehen,12.911148396955392
0,1,High German,1250,ziehen,12.911148396955392
0,1,High German,1250,ziehen,12.911148396955392
0,1,High German,1250,ziehen,12.911148396955392
0,1,High German,1250,ziehen,12.911148396955392
0,1,High German,1250,ziehen,12.911148396955392
0,1,High German,1250,ziehen,12.911148396955392
0,1,High German,1250,ziehen,12.911148396955392
0,1,High German,1250,verlieren,12.774112848225492
1,1,High German,1250,verlieren,12.774112848225492
0,1,High German,1250,verlieren,12.774112848225492
0,1,High German,1250,verlieren,12.774112848225492
0,1,High German,1250,verlieren,12.774112848225492
0,1,High German,1225,ziehen,12.911148396955392
0,1,High German,1160,leihen,9.387816877106937
1,1,High German,1160,leihen,9.387816877106937
0,1,High German,1160,leihen,9.387816877106937
0,1,High German,1160,leihen,9.387816877106937
0,1,High German,1160,kiesen,0.0
0,1,High German,1160,kiesen,0.0
0,0,Low German,1250,fliehen,11.081311434367002
0,1,Low German,1250,verlieren,12.774112848225492
0,0,Low German,1250,fliehen,11.081311434367002
0,0,Low German,1250,fliehen,11.081311434367002
0,0,Low German,1250,fliehen,11.081311434367002
0,1,Low German,1250,verlieren,12.774112848225492
0,1,Low German,1250,verlieren,12.774112848225492
0,1,Low German,1250,verlieren,12.774112848225492
0,1,Low German,1250,kiesen,0.0
0,1,Low German,1250,kiesen,0.0
0,1,Low German,1250,verlieren,12.774112848225492
0,1,Low German,1250,verlieren,12.774112848225492
0,0,Low German,1250,fliehen,11.081311434367002
0,1,Upper German,1180,verlieren,12.774112848225492
0,1,Upper German,1180,verlieren,12.774112848225492
0,1,Upper German,1180,kiesen,0.0
0,0,Upper German,1180,fliehen,11.081311434367002
0,1,Upper German,1180,leihen,9.387816877106937
0,1,Upper German,1180,verlieren,12.774112848225492
0,1,Upper German,1180,verlieren,12.774112848225492
0,1,Upper German,1180,ziehen,12.911148396955392
0,1,Upper German,1180,verlieren,12.774112848225492
0,1,Upper German,1180,verlieren,12.774112848225492
0,1,Upper German,1180,verlieren,12.774112848225492
1,1,Upper German,1180,kiesen,0.0
1,1,Upper German,1180,leihen,9.387816877106937
0,1,Upper German,1180,ziehen,12.911148396955392
0,1,Upper German,1180,ziehen,12.911148396955392
0,1,Upper German,1180,leihen,9.387816877106937
0,0,Upper German,1180,fliehen,11.081311434367002
0,0,Upper German,1180,fliehen,11.081311434367002
0,0,Upper German,1180,fliehen,11.081311434367002
0,0,Upper German,1180,fliehen,11.081311434367002
0,1,Upper German,1180,leihen,9.387816877106937
0,1,High German,1250,verlieren,12.774112848225492
0,1,High German,1250,kiesen,0.0
0,1,High German,1250,verlieren,12.774112848225492
0,1,High German,1250,verlieren,12.774112848225492
0,1,High German,1250,verlieren,12.774112848225492
0,1,High German,1250,verlieren,12.774112848225492
0,1,High German,1325,ziehen,12.911148396955392
0,0,High German,1325,fliehen,11.081311434367002
0,1,High German,1325,leihen,9.387816877106937
0,1,High German,1325,verlieren,12.774112848225492
0,1,High German,1325,ziehen,12.911148396955392
1,0,High German,1325,fliehen,11.081311434367002
0,0,High German,1325,fliehen,11.081311434367002
0,1,High German,1190,verlieren,12.774112848225492
0,1,High German,1190,ziehen,12.911148396955392
0,1,High German,1190,kiesen,0.0
1,1,High German,1190,leihen,9.387816877106937
0,0,High German,1190,fliehen,11.081311434367002
0,1,High German,1200,ziehen,12.911148396955392
0,1,High German,1200,ziehen,12.911148396955392
0,1,High German,1200,ziehen,12.911148396955392
0,1,Upper German,1225,verlieren,12.774112848225492
0,1,Upper German,1225,verlieren,12.774112848225492
0,1,Upper German,1225,ziehen,12.911148396955392
0,1,Upper German,1225,ziehen,12.911148396955392
0,1,Upper German,1225,frieren,7.765993079407675
1,1,Upper German,1225,frieren,7.765993079407675
1,1,Upper German,1225,frieren,7.765993079407675
0,1,Upper German,1225,verlieren,12.774112848225492
0,1,Upper German,1225,ziehen,12.911148396955392
0,1,Upper German,1225,ziehen,12.911148396955392
0,1,Upper German,1225,verlieren,12.774112848225492
0,1,Upper German,1225,verlieren,12.774112848225492
0,1,Low German,1325,ziehen,12.911148396955392
0,1,Low German,1325,ziehen,12.911148396955392
0,1,Low German,1325,ziehen,12.911148396955392
0,1,Low German,1325,ziehen,12.911148396955392
0,1,Low German,1125,verlieren,12.774112848225492
0,1,High German,1341,kiesen,0.0
0,1,High German,1341,gedeihen,9.515616752828915
0,1,High German,1341,ziehen,12.911148396955392
0,1,High German,1341,ziehen,12.911148396955392
1,1,High German,1341,leihen,9.387816877106937
0,1,High German,1341,ziehen,12.911148396955392
0,1,High German,1341,ziehen,12.911148396955392
0,1,High German,1341,ziehen,12.911148396955392
0,1,High German,1341,ziehen,12.911148396955392
0,1,High German,1341,ziehen,12.911148396955392
0,1,High German,1341,ziehen,12.911148396955392
0,1,High German,1341,ziehen,12.911148396955392
0,0,High German,1350,fliehen,11.081311434367002
0,1,High German,1350,ziehen,12.911148396955392
0,1,High German,1350,kiesen,0.0
0,1,High German,1350,kiesen,0.0
0,1,High German,1350,kiesen,0.0
0,1,High German,1350,kiesen,0.0
0,1,High German,1350,kiesen,0.0
0,1,High German,1350,kiesen,0.0
0,1,High German,1350,kiesen,0.0
0,1,High German,1350,kiesen,0.0
0,1,High German,1350,verlieren,12.774112848225492
0,1,High German,1350,verlieren,12.774112848225492
0,1,High German,1350,verlieren,12.774112848225492
0,1,High German,1350,verlieren,12.774112848225492
0,1,High German,1350,verlieren,12.774112848225492
0,1,High German,1350,ziehen,12.911148396955392
0,1,High German,1350,verlieren,12.774112848225492
0,1,High German,1225,ziehen,12.911148396955392
0,0,High German,1225,fliehen,11.081311434367002
0,1,High German,1225,leihen,9.387816877106937
0,1,High German,1225,kiesen,0.0
0,1,High German,1225,verlieren,12.774112848225492
0,1,High German,1225,leihen,9.387816877106937
0,1,High German,1225,ziehen,12.911148396955392
0,1,High German,1225,verlieren,12.774112848225492
0,1,High German,1225,leihen,9.387816877106937
0,1,High German,1225,verlieren,12.774112848225492
0,1,High German,1225,kiesen,0.0
0,1,High German,1225,verlieren,12.774112848225492
0,1,High German,1225,kiesen,0.0
0,1,High German,1225,kiesen,0.0
0,1,High German,1225,verlieren,12.774112848225492
0,1,High German,1225,leihen,9.387816877106937
0,1,High German,1225,verlieren,12.774112848225492
1,0,High German,1225,fliehen,11.081311434367002
0,1,High German,1225,ziehen,12.911148396955392
0,1,High German,1225,kiesen,0.0
1,1,High German,1225,verlieren,12.774112848225492
0,1,High German,1225,kiesen,0.0
0,1,High German,1225,ziehen,12.911148396955392
1,1,High German,1225,ziehen,12.911148396955392
0,1,High German,1225,leihen,9.387816877106937
0,1,High German,1225,verlieren,12.774112848225492
0,1,High German,1225,kiesen,0.0
0,1,High German,1172,kiesen,0.0
0,1,High German,1172,kiesen,0.0
0,1,High German,1172,ziehen,12.911148396955392
0,1,High German,1172,ziehen,12.911148396955392
0,1,High German,1172,ziehen,12.911148396955392
0,1,High German,1172,kiesen,0.0
0,1,High German,1172,verlieren,12.774112848225492
0,1,High German,1172,kiesen,0.0
0,1,High German,1172,kiesen,0.0
0,1,High German,1172,leihen,9.387816877106937
0,1,High German,1172,ziehen,12.911148396955392
0,1,High German,1172,kiesen,0.0
0,1,High German,1172,verlieren,12.774112848225492
0,1,High German,1172,leihen,9.387816877106937
0,1,High German,1172,ziehen,12.911148396955392
0,0,High German,1172,fliehen,11.081311434367002
0,1,High German,1172,verlieren,12.774112848225492
0,1,High German,1172,verlieren,12.774112848225492
0,0,High German,1172,fliehen,11.081311434367002
0,1,High German,1172,ziehen,12.911148396955392
0,1,High German,1172,kiesen,0.0
0,1,High German,1172,verlieren,12.774112848225492
0,1,High German,1172,leihen,9.387816877106937
0,1,High German,1172,kiesen,0.0
0,1,High German,1172,kiesen,0.0
0,1,High German,1172,ziehen,12.911148396955392
0,1,High German,1172,verlieren,12.774112848225492
0,1,High German,1172,verlieren,12.774112848225492
0,1,High German,1172,kiesen,0.0
0,0,High German,1172,fliehen,11.081311434367002
0,1,High German,1172,verlieren,12.774112848225492
0,1,High German,1172,kiesen,0.0
0,1,High German,1172,rihen,0.0
0,1,High German,1172,ziehen,12.911148396955392
0,0,High German,1172,fliehen,11.081311434367002
0,1,High German,1172,ziehen,12.911148396955392
0,1,High German,1328,verlieren,12.774112848225492
1,0,High German,1328,fliehen,11.081311434367002
0,1,High German,1328,verlieren,12.774112848225492
1,1,High German,1328,leihen,9.387816877106937
1,1,High German,1328,leihen,9.387816877106937
1,1,High German,1328,leihen,9.387816877106937
0,1,High German,1328,verlieren,12.774112848225492
0,1,High German,1328,ziehen,12.911148396955392
0,1,High German,1328,ziehen,12.911148396955392
0,1,High German,1328,verlieren,12.774112848225492
0,1,High German,1328,leihen,9.387816877106937
0,1,High German,1328,verlieren,12.774112848225492
0,1,High German,1328,leihen,9.387816877106937
1,1,High German,1328,leihen,9.387816877106937
0,1,High German,1328,leihen,9.387816877106937
1,1,High German,1328,leihen,9.387816877106937
0,1,High German,1328,leihen,9.387816877106937
0,1,High German,1328,leihen,9.387816877106937
1,1,High German,1328,leihen,9.387816877106937
0,1,High German,1328,leihen,9.387816877106937
1,1,High German,1328,leihen,9.387816877106937
1,1,High German,1328,leihen,9.387816877106937
1,1,High German,1328,leihen,9.387816877106937
0,1,High German,1328,leihen,9.387816877106937
0,1,High German,1328,leihen,9.387816877106937
0,1,High German,1328,leihen,9.387816877106937
0,1,High German,1328,verlieren,12.774112848225492
1,1,High German,1328,leihen,9.387816877106937
0,1,High German,1328,verlieren,12.774112848225492
0,1,High German,1328,verlieren,12.774112848225492
1,1,High German,1328,leihen,9.387816877106937
1,1,High German,1328,leihen,9.387816877106937
0,1,High German,1328,verlieren,12.774112848225492
0,1,High German,1328,leihen,9.387816877106937
0,1,High German,1328,leihen,9.387816877106937
0,1,High German,1328,leihen,9.387816877106937
0,1,High German,1328,leihen,9.387816877106937
0,1,High German,1328,verlieren,12.774112848225492
1,1,High German,1328,leihen,9.387816877106937
0,1,High German,1328,verlieren,12.774112848225492
0,1,High German,1328,ziehen,12.911148396955392
0,1,High German,1328,verlieren,12.774112848225492
0,1,High German,1328,verlieren,12.774112848225492
0,1,High German,1328,verlieren,12.774112848225492
0,1,High German,1328,verlieren,12.774112848225492
0,1,High German,1328,verlieren,12.774112848225492
0,1,High German,1328,verlieren,12.774112848225492
0,1,High German,1328,leihen,9.387816877106937
0,1,High German,1328,verlieren,12.774112848225492
1,1,High German,1328,leihen,9.387816877106937
1,1,High German,1328,leihen,9.387816877106937
1,1,High German,1328,leihen,9.387816877106937
0,1,High German,1328,verlieren,12.774112848225492
0,1,High German,1328,verlieren,12.774112848225492
0,1,High German,1328,verlieren,12.774112848225492
1,1,High German,1328,leihen,9.387816877106937
1,1,High German,1328,leihen,9.387816877106937
0,1,High German,1328,leihen,9.387816877106937
0,1,High German,1328,verlieren,12.774112848225492
0,1,High German,1210,kiesen,0.0
0,1,High German,1210,kiesen,0.0
0,1,High German,1210,kiesen,0.0
0,1,High German,1210,verlieren,12.774112848225492
0,1,High German,1210,ziehen,12.911148396955392
0,1,High German,1210,verlieren,12.774112848225492
0,1,High German,1210,ziehen,12.911148396955392
0,1,High German,1210,kiesen,0.0
0,1,High German,1172,kiesen,0.0
0,1,High German,1172,leihen,9.387816877106937
0,1,High German,1172,kiesen,0.0
0,1,High German,1172,kiesen,0.0
1,1,High German,1172,verlieren,12.774112848225492
1,1,High German,1172,ziehen,12.911148396955392
0,1,High German,1172,leihen,9.387816877106937
0,1,High German,1172,leihen,9.387816877106937
0,1,High German,1172,ziehen,12.911148396955392
1,0,High German,1172,fliehen,11.081311434367002
0,1,High German,1172,verlieren,12.774112848225492
0,1,High German,1172,leihen,9.387816877106937
0,1,High German,1172,verlieren,12.774112848225492
1,1,High German,1172,verlieren,12.774112848225492
0,1,High German,1172,kiesen,0.0
0,1,High German,1172,verlieren,12.774112848225492
0,1,High German,1172,kiesen,0.0
1,0,High German,1172,fliehen,11.081311434367002
0,1,High German,1172,verlieren,12.774112848225492
0,1,High German,1172,verlieren,12.774112848225492
0,1,High German,1172,kiesen,0.0
1,0,High German,1172,fliehen,11.081311434367002
0,1,High German,1172,kiesen,0.0
0,0,High German,1172,fliehen,11.081311434367002
1,1,High German,1172,verlieren,12.774112848225492
0,0,High German,1172,fliehen,11.081311434367002
0,1,High German,1172,ziehen,12.911148396955392
0,0,High German,1172,fliehen,11.081311434367002
1,1,High German,1172,verlieren,12.774112848225492
0,1,High German,1172,verlieren,12.774112848225492
0,0,High German,1172,fliehen,11.081311434367002
0,1,High German,1172,leihen,9.387816877106937
0,1,High German,1172,ziehen,12.911148396955392
1,1,High German,1172,verlieren,12.774112848225492
0,1,High German,1172,verlieren,12.774112848225492
0,1,High German,1175,verlieren,12.774112848225492
0,1,High German,1175,verlieren,12.774112848225492
1,0,High German,1175,fliehen,11.081311434367002
0,1,High German,1175,verlieren,12.774112848225492
0,1,High German,1175,verlieren,12.774112848225492
0,1,High German,1175,verlieren,12.774112848225492
0,1,High German,1175,verlieren,12.774112848225492
0,1,High German,1175,ziehen,12.911148396955392
0,1,High German,1175,verlieren,12.774112848225492
0,0,High German,1175,fliehen,11.081311434367002
0,1,High German,1175,leihen,9.387816877106937
0,0,High German,1175,fliehen,11.081311434367002
0,1,High German,1175,leihen,9.387816877106937
0,1,High German,1175,ziehen,12.911148396955392
0,1,High German,1175,leihen,9.387816877106937
1,0,High German,1175,fliehen,11.081311434367002
0,1,High German,1175,leihen,9.387816877106937
0,0,High German,1175,fliehen,11.081311434367002
0,1,High German,1175,leihen,9.387816877106937
0,1,High German,1175,leihen,9.387816877106937
0,1,High German,1175,leihen,9.387816877106937
0,1,High German,1175,leihen,9.387816877106937
0,0,High German,1175,fliehen,11.081311434367002
0,1,High German,1175,verlieren,12.774112848225492
1,0,High German,1175,fliehen,11.081311434367002
0,1,High German,1175,verlieren,12.774112848225492
0,1,High German,1175,leihen,9.387816877106937
0,1,High German,1175,leihen,9.387816877106937
0,1,High German,1330,leihen,9.387816877106937
0,1,High German,1330,leihen,9.387816877106937
0,1,High German,1330,ziehen,12.911148396955392
1,1,High German,1330,reisen,11.160598199024916
0,0,High German,1330,fliehen,11.081311434367002
1,0,High German,1330,fliehen,11.081311434367002
0,0,High German,1330,fliehen,11.081311434367002
0,0,High German,1330,fliehen,11.081311434367002
0,1,High German,1330,verlieren,12.774112848225492
0,1,High German,1330,verlieren,12.774112848225492
0,1,High German,1330,ziehen,12.911148396955392
0,1,High German,1330,verlieren,12.774112848225492
0,1,High German,1330,verlieren,12.774112848225492
0,1,High German,1330,ziehen,12.911148396955392
0,1,High German,1330,ziehen,12.911148396955392
0,1,High German,1330,ziehen,12.911148396955392
0,1,High German,1330,ziehen,12.911148396955392
0,0,High German,1150,fliehen,11.081311434367002
0,1,High German,1150,ziehen,12.911148396955392
0,0,High German,1150,fliehen,11.081311434367002
0,1,High German,1150,verlieren,12.774112848225492
0,0,High German,1150,fliehen,11.081311434367002
0,1,High German,1150,leihen,9.387816877106937
0,1,High German,1150,kiesen,0.0
1,0,High German,1150,fliehen,11.081311434367002
0,1,High German,1150,verlieren,12.774112848225492
0,1,High German,1150,leihen,9.387816877106937
0,1,High German,1150,verlieren,12.774112848225492
0,1,High German,1150,kiesen,0.0
0,1,High German,1150,verlieren,12.774112848225492
0,1,High German,1150,ziehen,12.911148396955392
0,1,High German,1150,ziehen,12.911148396955392
0,1,High German,1150,verlieren,12.774112848225492
1,1,High German,1150,leihen,9.387816877106937
0,1,High German,1150,ziehen,12.911148396955392
0,1,High German,1150,verlieren,12.774112848225492
0,1,High German,1150,verlieren,12.774112848225492
0,1,High German,1150,ziehen,12.911148396955392
0,1,High German,1150,verlieren,12.774112848225492
0,0,High German,1150,fliehen,11.081311434367002
0,0,High German,1150,fliehen,11.081311434367002
0,1,High German,1150,leihen,9.387816877106937
0,1,High German,1250,verlieren,12.774112848225492
1,1,High German,1250,ziehen,12.911148396955392
0,1,High German,1250,ziehen,12.911148396955392
0,1,High German,1250,ziehen,12.911148396955392
0,1,High German,1250,ziehen,12.911148396955392
0,1,High German,1250,verlieren,12.774112848225492
0,1,High German,1250,verlieren,12.774112848225492
0,1,High German,1250,ziehen,12.911148396955392
0,0,High German,1250,fliehen,11.081311434367002
0,1,High German,1250,verlieren,12.774112848225492
0,1,High German,1250,verlieren,12.774112848225492
0,1,High German,1250,verlieren,12.774112848225492
0,0,High German,1250,fliehen,11.081311434367002
0,1,High German,1250,verlieren,12.774112848225492
0,1,High German,1250,verlieren,12.774112848225492
0,1,High German,1250,verlieren,12.774112848225492
0,1,High German,1250,verlieren,12.774112848225492
0,0,High German,1250,fliehen,11.081311434367002
0,1,High German,1250,verlieren,12.774112848225492
0,0,High German,1250,fliehen,11.081311434367002
1,0,High German,1250,fliehen,11.081311434367002
0,1,High German,1250,verlieren,12.774112848225492
0,1,High German,1250,kiesen,0.0
0,1,High German,1250,gedeihen,9.515616752828915
0,1,High German,1250,verlieren,12.774112848225492
0,1,High German,1250,verlieren,12.774112848225492
0,1,High German,1250,verlieren,12.774112848225492
0,1,High German,1150,kiesen,0.0
0,1,High German,1150,ziehen,12.911148396955392
0,1,High German,1150,verlieren,12.774112848225492
0,0,High German,1200,fliehen,11.081311434367002
0,1,High German,1150,ziehen,12.911148396955392
0,1,High German,1150,leihen,9.387816877106937
0,1,High German,1150,verlieren,12.774112848225492
0,1,High German,1150,leihen,9.387816877106937
0,1,High German,1347,verlieren,12.774112848225492
0,1,High German,1347,frieren,7.765993079407675
0,0,High German,1347,fliehen,11.081311434367002
0,1,High German,1347,ziehen,12.911148396955392
0,1,High German,1347,kiesen,0.0
0,1,High German,1347,gedeihen,9.515616752828915
0,1,High German,1347,leihen,9.387816877106937
0,1,High German,1347,verlieren,12.774112848225492
0,1,High German,1347,gedeihen,9.515616752828915
0,1,High German,1150,seihen,6.008813185442595
0,1,High German,1200,verlieren,12.774112848225492
0,1,High German,1200,kiesen,0.0
0,0,High German,1200,fliehen,11.081311434367002
0,1,High German,1200,ziehen,12.911148396955392
0,1,High German,1200,verlieren,12.774112848225492
0,1,High German,1200,kiesen,0.0
0,1,High German,1200,verlieren,12.774112848225492
1,1,High German,1200,verlieren,12.774112848225492
0,1,High German,1200,ziehen,12.911148396955392
0,1,High German,1200,verlieren,12.774112848225492
0,1,High German,1200,ziehen,12.911148396955392
0,1,High German,1200,verlieren,12.774112848225492
0,0,High German,1200,fliehen,11.081311434367002
0,1,High German,1200,verlieren,12.774112848225492
0,1,High German,1200,leihen,9.387816877106937
0,1,High German,1200,gedeihen,9.515616752828915
0,1,High German,1200,kiesen,0.0
0,1,High German,1200,verlieren,12.774112848225492
0,1,High German,1200,reisen,11.160598199024916
0,1,High German,1200,kiesen,0.0
0,1,High German,1200,ziehen,12.911148396955392
0,1,High German,1200,verlieren,12.774112848225492
0,1,Low German,1298,kiesen,0.0
0,1,Low German,1298,ziehen,12.911148396955392
0,1,Low German,1298,ziehen,12.911148396955392
0,1,Low German,1298,leihen,9.387816877106937
0,1,Low German,1100,kiesen,0.0
0,1,Low German,1100,kiesen,0.0
0,1,Low German,1100,verlieren,12.774112848225492
0,1,Low German,1100,verlieren,12.774112848225492
0,1,Low German,1100,ziehen,12.911148396955392
0,1,Low German,1100,verlieren,12.774112848225492
0,1,High German,1225,ziehen,12.911148396955392
0,1,High German,1225,ziehen,12.911148396955392
0,1,High German,1225,verlieren,12.774112848225492
0,1,High German,1225,ziehen,12.911148396955392
0,1,High German,1225,verlieren,12.774112848225492
0,1,High German,1225,leihen,9.387816877106937
0,1,High German,1225,leihen,9.387816877106937
0,1,High German,1225,leihen,9.387816877106937
0,1,High German,1225,leihen,9.387816877106937
0,1,High German,1225,verlieren,12.774112848225492
0,1,High German,1225,kiesen,0.0
0,1,High German,1225,ziehen,12.911148396955392
0,1,High German,1225,ziehen,12.911148396955392
0,1,High German,1225,ziehen,12.911148396955392
0,1,High German,1225,leihen,9.387816877106937
0,1,High German,1225,leihen,9.387816877106937
0,1,High German,1225,verlieren,12.774112848225492
0,1,High German,1225,verlieren,12.774112848225492
0,1,High German,1225,kiesen,0.0
0,1,High German,1225,kiesen,0.0
0,1,High German,1225,ziehen,12.911148396955392
0,1,High German,1225,kiesen,0.0
0,1,High German,1225,verlieren,12.774112848225492
0,1,High German,1250,kiesen,0.0
0,1,High German,1250,verlieren,12.774112848225492
0,1,High German,1250,ziehen,12.911148396955392
0,1,High German,1250,ziehen,12.911148396955392
0,1,High German,1250,verlieren,12.774112848225492
0,1,High German,1250,ziehen,12.911148396955392
0,1,High German,1250,kiesen,0.0
0,1,High German,1250,verlieren,12.774112848225492
0,1,High German,1250,kiesen,0.0
0,1,High German,1250,leihen,9.387816877106937
0,1,High German,1250,ziehen,12.911148396955392
0,1,High German,1250,leihen,9.387816877106937
0,0,High German,1250,fliehen,11.081311434367002
0,1,High German,1250,verlieren,12.774112848225492
0,1,High German,1250,ziehen,12.911148396955392
0,1,High German,1250,kiesen,0.0
1,0,High German,1250,fliehen,11.081311434367002
0,1,High German,1250,verlieren,12.774112848225492
0,1,High German,1250,kiesen,0.0
0,0,High German,1250,fliehen,11.081311434367002
0,1,High German,1250,ziehen,12.911148396955392
0,0,High German,1250,fliehen,11.081311434367002
0,1,High German,1250,ziehen,12.911148396955392
0,1,High German,1250,ziehen,12.911148396955392
0,1,High German,1250,leihen,9.387816877106937
0,0,High German,1250,fliehen,11.081311434367002
0,1,High German,1250,verlieren,12.774112848225492
0,1,High German,1250,verlieren,12.774112848225492
0,1,High German,1250,kiesen,0.0
0,1,High German,1250,ziehen,12.911148396955392
0,1,High German,1250,ziehen,12.911148396955392
1,1,High German,1250,leihen,9.387816877106937
1,1,High German,1250,leihen,9.387816877106937
0,1,High German,1250,ziehen,12.911148396955392
0,1,High German,1250,gedeihen,9.515616752828915
0,1,High German,1250,ziehen,12.911148396955392
0,1,High German,1250,ziehen,12.911148396955392
0,1,High German,1250,ziehen,12.911148396955392
0,1,High German,1250,verlieren,12.774112848225492
0,1,High German,1250,kiesen,0.0
0,0,High German,1250,fliehen,11.081311434367002
0,1,High German,1250,kiesen,0.0
0,1,High German,1250,ziehen,12.911148396955392
0,0,High German,1050,fliehen,11.081311434367002
0,0,High German,1250,fliehen,11.081311434367002
0,0,High German,1250,fliehen,11.081311434367002
0,1,High German,1250,ziehen,12.911148396955392
0,0,High German,1250,fliehen,11.081311434367002
0,1,High German,1250,leihen,9.387816877106937
0,1,High German,1250,leihen,9.387816877106937
0,1,High German,1250,ziehen,12.911148396955392
0,0,High German,1250,fliehen,11.081311434367002
0,1,High German,1250,ziehen,12.911148396955392
0,1,High German,1250,ziehen,12.911148396955392
0,1,High German,1250,ziehen,12.911148396955392
0,1,High German,1250,verlieren,12.774112848225492
0,1,High German,1250,verlieren,12.774112848225492
0,1,High German,1250,verlieren,12.774112848225492
0,1,High German,1175,ziehen,12.911148396955392
1,0,High German,1175,fliehen,11.081311434367002
0,1,High German,1175,ziehen,12.911148396955392
1,1,High German,1175,leihen,9.387816877106937
0,1,High German,1175,verlieren,12.774112848225492
0,1,High German,1175,verlieren,12.774112848225492
0,1,High German,1175,ziehen,12.911148396955392
0,1,High German,1175,ziehen,12.911148396955392
0,1,High German,1325,ziehen,12.911148396955392
0,1,High German,1325,ziehen,12.911148396955392
0,1,High German,1325,ziehen,12.911148396955392
0,1,High German,1325,ziehen,12.911148396955392
0,1,High German,1325,ziehen,12.911148396955392
0,1,High German,1325,ziehen,12.911148396955392
0,1,High German,1325,ziehen,12.911148396955392
0,1,High German,1325,ziehen,12.911148396955392
0,1,High German,1325,ziehen,12.911148396955392
0,1,High German,1325,ziehen,12.911148396955392
0,1,High German,1325,ziehen,12.911148396955392
0,1,High German,1325,ziehen,12.911148396955392
0,1,High German,1325,ziehen,12.911148396955392
0,1,High German,1325,ziehen,12.911148396955392
0,1,High German,1325,ziehen,12.911148396955392
0,1,High German,1325,ziehen,12.911148396955392
0,1,High German,1325,ziehen,12.911148396955392
0,1,High German,1225,ziehen,12.911148396955392
0,0,High German,1225,fliehen,11.081311434367002
0,0,High German,1225,fliehen,11.081311434367002
0,0,High German,1225,fliehen,11.081311434367002
0,1,High German,1225,leihen,9.387816877106937
0,1,High German,1225,leihen,9.387816877106937
0,0,High German,1225,fliehen,11.081311434367002
0,1,High German,1225,ziehen,12.911148396955392
0,1,High German,1225,kiesen,0.0
0,0,High German,1225,fliehen,11.081311434367002
0,1,High German,1225,ziehen,12.911148396955392
0,1,High German,1225,verlieren,12.774112848225492
0,1,High German,1225,verlieren,12.774112848225492
1,0,High German,1100,fliehen,11.081311434367002
0,1,High German,1100,ziehen,12.911148396955392
0,1,High German,1150,kiesen,0.0
0,1,High German,1150,verlieren,12.774112848225492
0,1,High German,1150,ziehen,12.911148396955392
0,1,High German,1100,kiesen,0.0
0,1,High German,1100,kiesen,0.0
0,1,High German,1100,ziehen,12.911148396955392
0,1,High German,1100,leihen,9.387816877106937
0,1,High German,1100,kiesen,0.0
0,1,High German,1100,kiesen,0.0
1,1,High German,1100,verlieren,12.774112848225492
0,1,High German,1300,leihen,9.387816877106937
0,1,High German,1300,ziehen,12.911148396955392
0,1,High German,1300,ziehen,12.911148396955392
0,1,High German,1300,leihen,9.387816877106937
0,1,High German,1300,ziehen,12.911148396955392
0,1,High German,1300,ziehen,12.911148396955392
0,1,High German,1300,leihen,9.387816877106937
0,1,High German,1300,leihen,9.387816877106937
0,1,High German,1300,leihen,9.387816877106937
0,1,High German,1300,leihen,9.387816877106937
0,0,High German,1300,fliehen,11.081311434367002
0,1,High German,1300,verlieren,12.774112848225492
0,1,High German,1175,verlieren,12.774112848225492
1,1,High German,1175,ziehen,12.911148396955392
1,0,High German,1175,fliehen,11.081311434367002
0,1,High German,1175,ziehen,12.911148396955392
0,1,High German,1175,verlieren,12.774112848225492
0,1,High German,1175,verlieren,12.774112848225492
0,1,High German,1175,verlieren,12.774112848225492
0,1,High German,1175,kiesen,0.0
0,1,High German,1175,verlieren,12.774112848225492
0,1,High German,1175,verlieren,12.774112848225492
0,1,High German,1175,verlieren,12.774112848225492
0,1,High German,1175,verlieren,12.774112848225492
0,1,High German,1140,ziehen,12.911148396955392
0,1,High German,1140,verlieren,12.774112848225492
0,1,High German,1140,leihen,9.387816877106937
0,1,High German,1140,verlieren,12.774112848225492
1,0,High German,1140,fliehen,11.081311434367002
0,0,High German,1140,fliehen,11.081311434367002
0,1,High German,1140,ziehen,12.911148396955392
0,0,High German,1140,fliehen,11.081311434367002
0,1,High German,1140,kiesen,0.0
0,0,High German,1140,fliehen,11.081311434367002
1,1,High German,1140,verlieren,12.774112848225492
0,1,High German,1140,verlieren,12.774112848225492
0,1,High German,1140,kiesen,0.0
0,1,High German,1140,verlieren,12.774112848225492
0,1,High German,1140,ziehen,12.911148396955392
0,1,High German,1140,ziehen,12.911148396955392
0,1,High German,1140,ziehen,12.911148396955392
0,1,High German,1140,ziehen,12.911148396955392
0,1,High German,1140,ziehen,12.911148396955392
0,1,High German,1140,ziehen,12.911148396955392
0,1,High German,1140,ziehen,12.911148396955392
0,1,High German,1140,verlieren,12.774112848225492
0,1,High German,1140,verlieren,12.774112848225492
0,1,High German,1140,leihen,9.387816877106937
0,1,High German,1140,ziehen,12.911148396955392
0,1,High German,1140,ziehen,12.911148396955392
0,1,High German,1140,ziehen,12.911148396955392
0,1,High German,1140,ziehen,12.911148396955392
0,1,High German,1140,ziehen,12.911148396955392
0,1,High German,1140,kiesen,0.0
0,1,High German,1140,ziehen,12.911148396955392
0,1,High German,1140,verlieren,12.774112848225492
0,1,High German,1140,verlieren,12.774112848225492
0,1,High German,1140,verlieren,12.774112848225492
0,1,High German,1140,ziehen,12.911148396955392
0,0,High German,1140,fliehen,11.081311434367002
0,1,High German,1140,kiesen,0.0
0,1,High German,1140,ziehen,12.911148396955392
0,1,High German,1140,verlieren,12.774112848225492
0,1,High German,1140,ziehen,12.911148396955392
1,0,High German,1140,fliehen,11.081311434367002
0,1,High German,1140,ziehen,12.911148396955392
0,0,High German,1140,fliehen,11.081311434367002
0,1,High German,1140,verlieren,12.774112848225492
0,1,High German,1140,verlieren,12.774112848225492
0,1,High German,1140,ziehen,12.911148396955392
1,1,High German,1140,verlieren,12.774112848225492
0,0,High German,1140,fliehen,11.081311434367002
0,1,High German,1140,verlieren,12.774112848225492
0,1,High German,1140,verlieren,12.774112848225492
0,1,High German,1140,verlieren,12.774112848225492
0,1,High German,1140,kiesen,0.0
1,0,High German,1140,fliehen,11.081311434367002
0,1,High German,1140,verlieren,12.774112848225492
0,1,High German,1140,ziehen,12.911148396955392
0,0,High German,1140,fliehen,11.081311434367002
0,1,High German,1140,kiesen,0.0
0,1,High German,1140,ziehen,12.911148396955392
0,0,High German,1140,fliehen,11.081311434367002
1,1,High German,1140,reisen,11.160598199024916
0,1,High German,1140,verlieren,12.774112848225492
0,1,High German,1140,verlieren,12.774112848225492
0,1,High German,1140,verlieren,12.774112848225492
1,0,High German,1140,fliehen,11.081311434367002
0,1,High German,1140,leihen,9.387816877106937
1,1,High German,1140,leihen,9.387816877106937
0,0,High German,1140,fliehen,11.081311434367002
0,1,High German,1140,verlieren,12.774112848225492
0,1,High German,1140,leihen,9.387816877106937
0,1,High German,1140,verlieren,12.774112848225492
0,1,High German,1140,leihen,9.387816877106937
0,1,High German,1140,verlieren,12.774112848225492
0,1,High German,1140,ziehen,12.911148396955392
0,1,High German,1140,ziehen,12.911148396955392
0,1,High German,1140,verlieren,12.774112848225492
0,1,High German,1140,kiesen,0.0
0,0,High German,1140,fliehen,11.081311434367002
0,0,High German,1250,fliehen,11.081311434367002
1,0,High German,1250,fliehen,11.081311434367002
0,1,High German,1350,ziehen,12.911148396955392
0,1,High German,1350,ziehen,12.911148396955392
0,1,High German,1350,seihen,6.008813185442595
0,1,High German,1350,ziehen,12.911148396955392
0,1,High German,1350,ziehen,12.911148396955392
0,1,High German,1272,ziehen,12.911148396955392
0,0,High German,1272,fliehen,11.081311434367002
0,1,High German,1272,verlieren,12.774112848225492
0,1,High German,1272,verlieren,12.774112848225492
0,1,High German,1272,ziehen,12.911148396955392
0,1,High German,1272,ziehen,12.911148396955392
0,0,High German,1272,fliehen,11.081311434367002
0,1,Low German,1250,ziehen,12.911148396955392
0,1,Low German,1250,ziehen,12.911148396955392
1,1,Low German,1250,verlieren,12.774112848225492
0,0,Low German,1250,fliehen,11.081311434367002
0,1,Low German,1250,leihen,9.387816877106937
1,1,Low German,1250,ziehen,12.911148396955392
1,1,Low German,1250,ziehen,12.911148396955392
0,1,Low German,1250,verlieren,12.774112848225492
1,1,Low German,1250,ziehen,12.911148396955392
1,1,Low German,1250,ziehen,12.911148396955392
0,1,Low German,1250,ziehen,12.911148396955392
0,1,Low German,1250,ziehen,12.911148396955392
0,1,Low German,1250,verlieren,12.774112848225492
0,1,Low German,1250,ziehen,12.911148396955392
0,1,Low German,1250,kiesen,0.0
0,1,Low German,1250,ziehen,12.911148396955392
0,1,Low German,1250,ziehen,12.911148396955392
0,1,Low German,1250,ziehen,12.911148396955392
0,1,Low German,1250,verlieren,12.774112848225492
0,1,Low German,1250,kiesen,0.0
0,1,Low German,1250,kiesen,0.0
0,1,Low German,1250,ziehen,12.911148396955392
0,1,Low German,1250,kiesen,0.0
0,1,Low German,1250,ziehen,12.911148396955392
1,1,Low German,1250,ziehen,12.911148396955392
0,1,Low German,1250,ziehen,12.911148396955392
1,1,Low German,1250,ziehen,12.911148396955392
1,1,Low German,1250,leihen,9.387816877106937
0,1,Low German,1250,ziehen,12.911148396955392
0,1,Low German,1250,kiesen,0.0
0,1,Low German,1250,ziehen,12.911148396955392
0,1,Low German,1250,ziehen,12.911148396955392
0,1,Low German,1250,ziehen,12.911148396955392
0,1,Low German,1250,ziehen,12.911148396955392
0,1,Low German,1250,ziehen,12.911148396955392
0,1,Low German,1250,kiesen,0.0
0,1,Low German,1250,kiesen,0.0
1,1,Low German,1250,ziehen,12.911148396955392
0,1,Low German,1250,kiesen,0.0
0,1,Low German,1250,kiesen,0.0
0,1,Low German,1250,ziehen,12.911148396955392
0,1,Low German,1250,ziehen,12.911148396955392
0,1,Low German,1250,ziehen,12.911148396955392
0,1,Low German,1250,ziehen,12.911148396955392
0,1,Low German,1250,ziehen,12.911148396955392
0,1,Low German,1250,kiesen,0.0
1,1,Low German,1250,kiesen,0.0
0,1,Low German,1250,kiesen,0.0
0,1,Low German,1250,ziehen,12.911148396955392
0,1,Low German,1250,kiesen,0.0
0,1,Low German,1250,kiesen,0.0
0,1,Low German,1250,ziehen,12.911148396955392
0,1,Low German,1250,ziehen,12.911148396955392
0,1,Low German,1250,ziehen,12.911148396955392
0,1,Low German,1250,ziehen,12.911148396955392
0,1,Low German,1250,kiesen,0.0
0,1,Low German,1250,kiesen,0.0
0,1,Low German,1250,ziehen,12.911148396955392
0,1,Low German,1250,ziehen,12.911148396955392
0,1,Low German,1250,kiesen,0.0
1,1,Low German,1250,kiesen,0.0
0,1,Low German,1250,kiesen,0.0
0,1,Low German,1250,ziehen,12.911148396955392
0,1,Low German,1250,ziehen,12.911148396955392
0,1,Low German,1250,ziehen,12.911148396955392
0,1,Low German,1250,ziehen,12.911148396955392
0,1,Low German,1250,ziehen,12.911148396955392
0,1,Low German,1250,ziehen,12.911148396955392
0,1,Low German,1250,ziehen,12.911148396955392
0,1,Low German,1250,leihen,9.387816877106937
0,1,Low German,1250,kiesen,0.0
0,1,Low German,1250,kiesen,0.0
0,1,Low German,1250,kiesen,0.0
0,1,Low German,1250,kiesen,0.0
0,1,Low German,1250,kiesen,0.0
0,1,Low German,1250,kiesen,0.0
0,1,Low German,1250,ziehen,12.911148396955392
0,1,Low German,1250,verlieren,12.774112848225492
0,1,Low German,1250,ziehen,12.911148396955392
1,1,Low German,1250,kiesen,0.0
0,1,Low German,1250,kiesen,0.0
0,1,Low German,1250,ziehen,12.911148396955392
0,1,Low German,1250,kiesen,0.0
0,1,Low German,1250,ziehen,12.911148396955392
0,1,Low German,1250,ziehen,12.911148396955392
0,1,Low German,1250,ziehen,12.911148396955392
0,1,Low German,1250,ziehen,12.911148396955392
0,1,Low German,1250,kiesen,0.0
0,1,Low German,1250,ziehen,12.911148396955392
0,1,Low German,1250,ziehen,12.911148396955392
0,1,Low German,1250,verlieren,12.774112848225492
1,1,Low German,1250,verlieren,12.774112848225492
0,1,Low German,1250,verlieren,12.774112848225492
0,1,Low German,1250,kiesen,0.0
1,1,Low German,1250,kiesen,0.0
0,1,Low German,1250,kiesen,0.0
0,1,High German,1225,leihen,9.387816877106937
1,1,High German,1225,ziehen,12.911148396955392
0,1,High German,1240,leihen,9.387816877106937
0,1,High German,1240,ziehen,12.911148396955392
0,1,High German,1240,kiesen,0.0
0,1,High German,1240,verlieren,12.774112848225492
1,1,High German,1240,verlieren,12.774112848225492
1,1,High German,1240,kiesen,0.0
0,1,High German,1240,leihen,9.387816877106937
0,1,High German,1240,verlieren,12.774112848225492
0,1,High German,1240,kiesen,0.0
0,1,High German,1240,leihen,9.387816877106937
0,1,High German,1240,leihen,9.387816877106937
0,0,High German,1240,fliehen,11.081311434367002
0,1,High German,1240,kiesen,0.0
0,1,High German,1240,kiesen,0.0
0,1,High German,1240,ziehen,12.911148396955392
0,1,High German,1240,kiesen,0.0
0,1,Low German,1225,verlieren,12.774112848225492
0,1,Low German,1225,verlieren,12.774112848225492
1,0,Low German,1225,fliehen,11.081311434367002
0,1,Low German,1225,verlieren,12.774112848225492
0,0,Low German,1225,fliehen,11.081311434367002
0,1,Low German,1225,verlieren,12.774112848225492
0,1,Low German,1225,verlieren,12.774112848225492
1,1,Low German,1225,leihen,9.387816877106937
0,1,Low German,1225,kiesen,0.0
0,1,Low German,1225,verlieren,12.774112848225492
0,1,Low German,1225,kiesen,0.0
0,0,Low German,1225,fliehen,11.081311434367002
0,1,Low German,1225,leihen,9.387816877106937
0,0,Low German,1225,fliehen,11.081311434367002
0,1,Low German,1225,ziehen,12.911148396955392
0,1,Low German,1225,ziehen,12.911148396955392
0,1,Low German,1225,ziehen,12.911148396955392
0,1,Low German,1225,leihen,9.387816877106937
0,1,Low German,1225,kiesen,0.0
0,1,Low German,1225,verlieren,12.774112848225492
0,1,Low German,1190,verlieren,12.774112848225492
0,1,Low German,1190,ziehen,12.911148396955392
0,1,Low German,1190,verlieren,12.774112848225492
0,1,Low German,1190,kiesen,0.0
0,1,Low German,1190,verlieren,12.774112848225492
0,1,Low German,1190,verlieren,12.774112848225492
1,0,Low German,1190,fliehen,11.081311434367002
0,1,Low German,1190,kiesen,0.0
0,1,Low German,1190,verlieren,12.774112848225492
0,1,Low German,1190,verlieren,12.774112848225492
0,1,Low German,1190,kiesen,0.0
0,1,Low German,1190,ziehen,12.911148396955392
0,1,Low German,1190,ziehen,12.911148396955392
0,1,Low German,1190,ziehen,12.911148396955392
0,1,Low German,1190,verlieren,12.774112848225492
0,1,Low German,1190,ziehen,12.911148396955392
0,1,Low German,1190,verlieren,12.774112848225492
0,1,Low German,1190,verlieren,12.774112848225492
0,1,Low German,1190,verlieren,12.774112848225492
0,1,Low German,1190,verlieren,12.774112848225492
1,1,Low German,1190,ziehen,12.911148396955392
0,1,Low German,1190,verlieren,12.774112848225492
0,1,Low German,1190,verlieren,12.774112848225492
0,1,Low German,1190,kiesen,0.0
0,1,Low German,1190,kiesen,0.0
0,1,Low German,1190,kiesen,0.0
0,1,Low German,1190,verlieren,12.774112848225492
0,1,Low German,1190,verlieren,12.774112848225492
0,1,Low German,1190,verlieren,12.774112848225492
1,1,Low German,1190,verlieren,12.774112848225492
1,1,Low German,1190,verlieren,12.774112848225492
0,1,Low German,1190,verlieren,12.774112848225492
0,0,Low German,1190,fliehen,11.081311434367002
0,1,Low German,1190,verlieren,12.774112848225492
1,0,Low German,1190,fliehen,11.081311434367002
0,1,Low German,1190,verlieren,12.774112848225492
0,1,Low German,1190,verlieren,12.774112848225492
0,1,Low German,1190,kiesen,0.0
0,1,Low German,1190,verlieren,12.774112848225492
0,1,Low German,1190,ziehen,12.911148396955392
0,1,Low German,1190,kiesen,0.0
0,1,Low German,1190,ziehen,12.911148396955392
0,1,Low German,1190,verlieren,12.774112848225492
1,1,Low German,1190,kiesen,0.0
0,1,Low German,1190,verlieren,12.774112848225492
0,1,Low German,1190,verlieren,12.774112848225492
0,1,Low German,1190,verlieren,12.774112848225492
0,1,Low German,1190,leihen,9.387816877106937
0,1,Low German,1190,ziehen,12.911148396955392
1,0,Low German,1190,fliehen,11.081311434367002
1,1,Low German,1190,ziehen,12.911148396955392
0,1,Low German,1190,verlieren,12.774112848225492
0,1,Low German,1190,kiesen,0.0
0,0,Low German,1190,fliehen,11.081311434367002
1,1,Low German,1190,ziehen,12.911148396955392
0,1,Low German,1190,ziehen,12.911148396955392
0,0,Low German,1190,fliehen,11.081311434367002
0,0,Low German,1190,fliehen,11.081311434367002
0,1,Low German,1190,verlieren,12.774112848225492
0,1,Low German,1190,kiesen,0.0
0,1,Low German,1190,verlieren,12.774112848225492
0,1,Low German,1190,verlieren,12.774112848225492
0,1,Low German,1190,verlieren,12.774112848225492
0,1,Low German,1190,verlieren,12.774112848225492
0,1,Low German,1190,kiesen,0.0
0,1,Low German,1190,verlieren,12.774112848225492
0,1,Low German,1190,ziehen,12.911148396955392
0,1,Low German,1190,ziehen,12.911148396955392
0,0,Low German,1190,fliehen,11.081311434367002
1,0,Low German,1190,fliehen,11.081311434367002
1,0,Low German,1190,fliehen,11.081311434367002
0,0,Low German,1190,fliehen,11.081311434367002
0,1,Low German,1190,ziehen,12.911148396955392
0,1,Low German,1190,verlieren,12.774112848225492
0,1,Low German,1190,verlieren,12.774112848225492
1,0,Low German,1190,fliehen,11.081311434367002
1,0,Low German,1190,fliehen,11.081311434367002
0,0,Low German,1190,fliehen,11.081311434367002
0,1,Low German,1190,ziehen,12.911148396955392
1,0,Low German,1190,fliehen,11.081311434367002
0,1,Low German,1190,verlieren,12.774112848225492
0,1,Low German,1190,verlieren,12.774112848225492
0,1,Low German,1190,verlieren,12.774112848225492
0,1,Low German,1190,kiesen,0.0
0,1,Low German,1190,verlieren,12.774112848225492
0,1,Low German,1190,kiesen,0.0
0,1,Low German,1190,verlieren,12.774112848225492
0,1,Low German,1190,kiesen,0.0
0,1,Low German,1190,verlieren,12.774112848225492
0,1,Low German,1190,verlieren,12.774112848225492
0,1,Low German,1190,verlieren,12.774112848225492
0,1,Low German,1190,verlieren,12.774112848225492
0,1,Low German,1190,verlieren,12.774112848225492
0,1,Low German,1190,kiesen,0.0
1,0,Low German,1190,fliehen,11.081311434367002
0,0,Low German,1190,fliehen,11.081311434367002
0,1,Low German,1190,ziehen,12.911148396955392
0,1,Low German,1190,verlieren,12.774112848225492
0,1,Low German,1190,verlieren,12.774112848225492
0,1,Low German,1190,ziehen,12.911148396955392
1,1,Low German,1190,ziehen,12.911148396955392
0,1,Low German,1190,verlieren,12.774112848225492
1,1,Low German,1190,ziehen,12.911148396955392
0,0,Low German,1190,fliehen,11.081311434367002
0,1,Low German,1190,ziehen,12.911148396955392
0,0,Low German,1190,fliehen,11.081311434367002
0,1,Low German,1190,verlieren,12.774112848225492
0,1,Low German,1190,verlieren,12.774112848225492
0,1,Low German,1190,ziehen,12.911148396955392
0,1,Low German,1190,verlieren,12.774112848225492
0,1,Low German,1190,kiesen,0.0
0,1,Low German,1190,verlieren,12.774112848225492
0,1,Low German,1190,verlieren,12.774112848225492
0,0,Low German,1190,fliehen,11.081311434367002
0,1,Low German,1190,ziehen,12.911148396955392
0,1,Low German,1190,ziehen,12.911148396955392
0,1,Low German,1190,kiesen,0.0
0,1,Low German,1190,verlieren,12.774112848225492
0,1,Low German,1190,verlieren,12.774112848225492
0,1,Low German,1190,kiesen,0.0
1,1,Low German,1190,ziehen,12.911148396955392
0,1,Low German,1190,ziehen,12.911148396955392
0,1,Low German,1190,ziehen,12.911148396955392
0,1,Low German,1190,verlieren,12.774112848225492
0,1,Low German,1190,verlieren,12.774112848225492
0,1,Low German,1190,verlieren,12.774112848225492
0,1,Low German,1190,ziehen,12.911148396955392
0,1,Low German,1190,verlieren,12.774112848225492
0,1,Low German,1190,verlieren,12.774112848225492
0,1,Low German,1190,kiesen,0.0
0,1,Low German,1190,ziehen,12.911148396955392
0,1,Low German,1190,ziehen,12.911148396955392
0,1,Low German,1190,verlieren,12.774112848225492
1,1,Low German,1190,verlieren,12.774112848225492
0,1,Low German,1190,ziehen,12.911148396955392
1,1,Low German,1190,ziehen,12.911148396955392
0,1,Low German,1190,verlieren,12.774112848225492
0,1,Low German,1190,verlieren,12.774112848225492
0,1,Low German,1190,verlieren,12.774112848225492
0,1,Low German,1190,verlieren,12.774112848225492
0,1,Low German,1190,kiesen,0.0
0,1,Low German,1190,ziehen,12.911148396955392
0,1,Low German,1190,ziehen,12.911148396955392
0,0,Low German,1190,fliehen,11.081311434367002
0,1,Low German,1190,kiesen,0.0
0,1,Low German,1190,kiesen,0.0
0,1,Low German,1190,ziehen,12.911148396955392
0,1,Low German,1190,ziehen,12.911148396955392
0,1,Low German,1190,ziehen,12.911148396955392
0,1,Low German,1190,verlieren,12.774112848225492
0,1,Low German,1190,ziehen,12.911148396955392
0,1,Low German,1190,kiesen,0.0
0,1,Low German,1190,verlieren,12.774112848225492
0,1,Low German,1190,verlieren,12.774112848225492
0,1,High German,1150,verlieren,12.774112848225492
0,1,Low German,1063,verlieren,12.774112848225492
0,1,Low German,1063,verlieren,12.774112848225492
0,1,Low German,1063,ziehen,12.911148396955392
0,1,Low German,1063,ziehen,12.911148396955392
0,1,Low German,1063,verlieren,12.774112848225492
0,1,Low German,1063,frieren,7.765993079407675
0,0,Low German,1063,fliehen,11.081311434367002
0,0,Low German,1063,fliehen,11.081311434367002
0,1,Low German,1063,ziehen,12.911148396955392
0,1,Low German,1063,verlieren,12.774112848225492
0,1,Low German,1063,verlieren,12.774112848225492
0,1,Low German,1063,ziehen,12.911148396955392
0,1,Low German,1063,ziehen,12.911148396955392
0,1,Low German,1063,verlieren,12.774112848225492
0,1,High German,1220,ziehen,12.911148396955392
0,1,High German,1220,ziehen,12.911148396955392
0,1,High German,1220,verlieren,12.774112848225492
0,1,High German,1220,kiesen,0.0
0,1,High German,1220,kiesen,0.0
1,1,High German,1220,verlieren,12.774112848225492
0,1,High German,1220,ziehen,12.911148396955392
1,1,High German,1220,verlieren,12.774112848225492
0,1,High German,1220,verlieren,12.774112848225492
0,0,High German,1220,fliehen,11.081311434367002
0,0,High German,1220,fliehen,11.081311434367002
0,1,High German,1220,ziehen,12.911148396955392
0,1,High German,1220,ziehen,12.911148396955392
0,0,High German,1220,fliehen,11.081311434367002
0,1,High German,1220,verlieren,12.774112848225492
0,1,High German,1220,kiesen,0.0
0,0,High German,1220,fliehen,11.081311434367002
0,0,High German,1220,fliehen,11.081311434367002
0,1,High German,1220,verlieren,12.774112848225492
0,0,High German,1220,fliehen,11.081311434367002
0,1,High German,1220,ziehen,12.911148396955392
0,1,High German,1220,leihen,9.387816877106937
0,1,High German,1220,ziehen,12.911148396955392
0,1,High German,1220,ziehen,12.911148396955392
0,1,High German,1220,ziehen,12.911148396955392
0,1,High German,1220,ziehen,12.911148396955392
0,1,High German,1220,ziehen,12.911148396955392
0,1,High German,1220,ziehen,12.911148396955392
0,1,High German,1220,ziehen,12.911148396955392
0,1,High German,1220,ziehen,12.911148396955392
0,0,High German,1070,fliehen,11.081311434367002
0,1,High German,1070,kiesen,0.0
0,1,High German,1125,verlieren,12.774112848225492
0,1,High German,1125,ziehen,12.911148396955392
0,1,High German,1125,ziehen,12.911148396955392
0,1,High German,1125,ziehen,12.911148396955392
0,1,High German,1125,kiesen,0.0
0,0,High German,1125,fliehen,11.081311434367002
0,1,High German,1150,verlieren,12.774112848225492
0,1,High German,1150,ziehen,12.911148396955392
0,1,High German,1150,verlieren,12.774112848225492
0,1,High German,1150,ziehen,12.911148396955392
0,1,High German,1150,verlieren,12.774112848225492
0,1,High German,1127,ziehen,12.911148396955392
0,1,High German,1127,kiesen,0.0
0,1,High German,1127,verlieren,12.774112848225492
0,1,High German,1127,verlieren,12.774112848225492
0,1,High German,1127,ziehen,12.911148396955392
0,1,High German,1127,ziehen,12.911148396955392
0,1,High German,1127,ziehen,12.911148396955392
0,1,High German,1127,verlieren,12.774112848225492
0,0,High German,1127,fliehen,11.081311434367002
0,1,High German,1127,ziehen,12.911148396955392
0,1,High German,1127,verlieren,12.774112848225492
0,1,High German,1325,ziehen,12.911148396955392
0,0,High German,1325,fliehen,11.081311434367002
0,0,High German,1325,fliehen,11.081311434367002
0,0,High German,1325,fliehen,11.081311434367002
0,1,High German,1325,ziehen,12.911148396955392
0,0,High German,1325,fliehen,11.081311434367002
0,0,High German,1325,fliehen,11.081311434367002
0,1,High German,1325,kiesen,0.0
0,1,High German,1325,kiesen,0.0
0,1,High German,1325,kiesen,0.0
0,1,High German,1325,verlieren,12.774112848225492
0,1,High German,1325,verlieren,12.774112848225492
0,1,High German,1325,verlieren,12.774112848225492
0,1,High German,1325,kiesen,0.0
0,1,High German,1325,ziehen,12.911148396955392
0,1,High German,1325,verlieren,12.774112848225492
0,1,High German,1325,ziehen,12.911148396955392
0,1,High German,1325,verlieren,12.774112848225492
1,1,High German,1325,ziehen,12.911148396955392
0,1,High German,1325,ziehen,12.911148396955392
0,1,High German,1325,ziehen,12.911148396955392
0,1,High German,1325,kiesen,0.0
0,1,High German,1325,kiesen,0.0
0,1,High German,1325,kiesen,0.0
0,1,High German,1325,kiesen,0.0
0,0,High German,1325,fliehen,11.081311434367002
0,1,High German,1325,kiesen,0.0
0,1,High German,1050,ziehen,12.911148396955392
0,1,High German,1250,ziehen,12.911148396955392
0,1,High German,1250,ziehen,12.911148396955392
0,1,High German,1250,kiesen,0.0
0,1,High German,1250,verlieren,12.774112848225492
0,1,High German,1250,ziehen,12.911148396955392
0,1,High German,1250,ziehen,12.911148396955392
0,1,High German,1250,ziehen,12.911148396955392
0,1,High German,1250,leihen,9.387816877106937
0,1,High German,1250,verlieren,12.774112848225492
0,1,High German,1250,kiesen,0.0
0,1,High German,1250,verlieren,12.774112848225492
0,1,High German,1250,verlieren,12.774112848225492
0,1,High German,1250,verlieren,12.774112848225492
0,0,High German,1250,fliehen,11.081311434367002
0,1,High German,1250,verlieren,12.774112848225492
0,1,High German,1250,verlieren,12.774112848225492
0,1,High German,1250,ziehen,12.911148396955392
0,1,High German,1250,verlieren,12.774112848225492
0,1,High German,1250,kiesen,0.0
0,1,High German,1250,kiesen,0.0
0,0,High German,1250,fliehen,11.081311434367002
0,1,High German,1250,verlieren,12.774112848225492
0,1,High German,1250,ziehen,12.911148396955392
0,0,High German,1250,fliehen,11.081311434367002
0,1,High German,1250,kiesen,0.0
1,1,High German,1250,kiesen,0.0
0,1,High German,1250,kiesen,0.0
0,1,High German,1250,ziehen,12.911148396955392
0,0,High German,1250,fliehen,11.081311434367002
0,1,High German,1250,ziehen,12.911148396955392
0,1,High German,1250,ziehen,12.911148396955392
0,1,High German,1250,ziehen,12.911148396955392
0,1,High German,1250,kiesen,0.0
0,1,High German,1250,kiesen,0.0
0,1,High German,1250,ziehen,12.911148396955392
0,1,High German,1250,ziehen,12.911148396955392
0,1,High German,1250,kiesen,0.0
0,1,High German,1250,ziehen,12.911148396955392
0,1,High German,1250,ziehen,12.911148396955392
0,1,High German,1250,ziehen,12.911148396955392
0,1,High German,1250,kiesen,0.0
1,1,High German,1250,verlieren,12.774112848225492
0,1,High German,1250,kiesen,0.0
0,0,High German,1250,fliehen,11.081311434367002
0,0,High German,1250,fliehen,11.081311434367002
0,0,High German,1250,fliehen,11.081311434367002
0,1,High German,1325,ziehen,12.911148396955392
0,1,High German,1325,ziehen,12.911148396955392
0,1,High German,1325,ziehen,12.911148396955392
1,1,High German,1325,leihen,9.387816877106937
1,1,High German,1325,leihen,9.387816877106937
1,1,High German,1325,leihen,9.387816877106937
0,1,High German,1325,ziehen,12.911148396955392
0,1,High German,1325,ziehen,12.911148396955392
0,1,High German,1325,ziehen,12.911148396955392
0,1,High German,1325,ziehen,12.911148396955392
0,1,High German,1325,ziehen,12.911148396955392
0,1,High German,1325,ziehen,12.911148396955392
0,1,High German,1325,ziehen,12.911148396955392
0,1,High German,1325,ziehen,12.911148396955392
0,1,High German,1325,ziehen,12.911148396955392
0,1,High German,1325,ziehen,12.911148396955392
0,1,High German,1325,ziehen,12.911148396955392
0,1,High German,1225,verlieren,12.774112848225492
0,1,High German,1225,ziehen,12.911148396955392
0,1,High German,1225,kiesen,0.0
0,1,High German,1225,verlieren,12.774112848225492
0,1,High German,1225,verlieren,12.774112848225492
0,1,High German,1225,ziehen,12.911148396955392
0,1,High German,1225,verlieren,12.774112848225492
0,1,High German,1225,verlieren,12.774112848225492
0,1,High German,1225,ziehen,12.911148396955392
0,1,High German,1225,ziehen,12.911148396955392
0,1,High German,1225,verlieren,12.774112848225492
0,1,High German,1225,verlieren,12.774112848225492
0,1,High German,1225,ziehen,12.911148396955392
0,1,High German,1225,verlieren,12.774112848225492
0,1,High German,1225,verlieren,12.774112848225492
0,1,High German,1225,kiesen,0.0
0,1,High German,1225,leihen,9.387816877106937
0,1,High German,1225,verlieren,12.774112848225492
0,1,High German,1225,kiesen,0.0
0,1,High German,1225,verlieren,12.774112848225492
1,0,High German,1225,fliehen,11.081311434367002
0,1,High German,1225,ziehen,12.911148396955392
0,1,High German,1225,verlieren,12.774112848225492
1,1,High German,1225,kiesen,0.0
0,1,High German,1225,ziehen,12.911148396955392
0,1,High German,1225,ziehen,12.911148396955392
0,1,High German,1225,verlieren,12.774112848225492
0,1,High German,1225,ziehen,12.911148396955392
0,1,High German,1225,ziehen,12.911148396955392
0,1,High German,1225,verlieren,12.774112848225492
0,1,High German,1225,verlieren,12.774112848225492
0,1,High German,1225,verlieren,12.774112848225492
0,1,High German,1225,ziehen,12.911148396955392
1,0,High German,1225,fliehen,11.081311434367002
0,1,High German,1225,kiesen,0.0
0,1,High German,1225,kiesen,0.0
0,1,High German,1225,kiesen,0.0
0,1,High German,1225,verlieren,12.774112848225492
0,1,High German,1225,kiesen,0.0
0,1,High German,1225,verlieren,12.774112848225492
1,0,High German,1225,fliehen,11.081311434367002
0,1,High German,1225,ziehen,12.911148396955392
0,1,High German,1225,verlieren,12.774112848225492
0,1,High German,1225,verlieren,12.774112848225492
0,1,High German,1225,ziehen,12.911148396955392
0,1,High German,1225,verlieren,12.774112848225492
0,1,High German,1225,ziehen,12.911148396955392
0,1,High German,1225,ziehen,12.911148396955392
0,1,High German,1225,verlieren,12.774112848225492
0,1,High German,1225,verlieren,12.774112848225492
0,1,High German,1200,verlieren,12.774112848225492
0,1,High German,1200,verlieren,12.774112848225492
0,1,High German,1200,ziehen,12.911148396955392
0,1,High German,1200,verlieren,12.774112848225492
0,1,High German,1200,verlieren,12.774112848225492
0,1,High German,1200,kiesen,0.0
0,1,High German,1200,kiesen,0.0
0,1,High German,1200,ziehen,12.911148396955392
0,1,High German,1200,ziehen,12.911148396955392
0,1,High German,1200,kiesen,0.0
0,1,High German,1200,verlieren,12.774112848225492
0,1,High German,1200,kiesen,0.0
1,1,High German,1200,ziehen,12.911148396955392
0,1,High German,1200,verlieren,12.774112848225492
0,1,High German,1200,reisen,11.160598199024916
1,1,High German,1200,verlieren,12.774112848225492
0,1,High German,1200,ziehen,12.911148396955392
0,1,High German,1200,gedeihen,9.515616752828915
1,1,High German,1200,ziehen,12.911148396955392
0,1,High German,1200,ziehen,12.911148396955392
0,1,High German,1200,verlieren,12.774112848225492
0,0,High German,1200,fliehen,11.081311434367002
0,1,High German,1200,ziehen,12.911148396955392
1,1,High German,1200,leihen,9.387816877106937
0,1,High German,1200,verlieren,12.774112848225492
0,1,High German,1200,verlieren,12.774112848225492
0,1,High German,1200,verlieren,12.774112848225492
0,1,Upper German,1150,verlieren,12.774112848225492
0,1,Low German,1172,leihen,9.387816877106937
0,1,Low German,1172,kiesen,0.0
0,1,Low German,1172,kiesen,0.0
1,1,Low German,1172,verlieren,12.774112848225492
0,1,Low German,1172,ziehen,12.911148396955392
0,1,Low German,1172,leihen,9.387816877106937
0,1,Low German,1172,ziehen,12.911148396955392
0,1,Low German,1172,verlieren,12.774112848225492
0,1,Low German,1172,ziehen,12.911148396955392
0,1,High German,1140,kiesen,0.0
0,1,High German,1140,verlieren,12.774112848225492
0,1,High German,1140,verlieren,12.774112848225492
1,1,High German,1140,ziehen,12.911148396955392
0,1,High German,1140,verlieren,12.774112848225492
0,1,High German,1140,kiesen,0.0
0,1,High German,1140,kiesen,0.0
0,1,High German,1140,verlieren,12.774112848225492
0,1,High German,1140,verlieren,12.774112848225492
0,1,High German,1140,ziehen,12.911148396955392
0,1,High German,1140,verlieren,12.774112848225492
0,1,High German,1140,kiesen,0.0
0,1,High German,1140,ziehen,12.911148396955392
0,1,High German,1140,verlieren,12.774112848225492
0,1,High German,1140,verlieren,12.774112848225492
0,1,High German,1140,kiesen,0.0
0,1,High German,1140,verlieren,12.774112848225492
0,1,High German,1140,kiesen,0.0
0,1,High German,1140,verlieren,12.774112848225492
0,1,High German,1140,ziehen,12.911148396955392
0,1,High German,1140,kiesen,0.0
0,1,High German,1140,verlieren,12.774112848225492
0,1,High German,1140,kiesen,0.0
0,1,High German,1140,verlieren,12.774112848225492
0,1,High German,1140,verlieren,12.774112848225492
1,1,High German,1140,verlieren,12.774112848225492
1,1,High German,1140,kiesen,0.0
0,1,High German,1140,verlieren,12.774112848225492
0,1,High German,1140,verlieren,12.774112848225492
0,1,High German,1140,verlieren,12.774112848225492
0,1,High German,1140,kiesen,0.0
0,1,High German,1140,verlieren,12.774112848225492
0,1,High German,1140,kiesen,0.0
0,1,High German,1140,verlieren,12.774112848225492
0,0,High German,1140,fliehen,11.081311434367002
0,0,High German,1125,fliehen,11.081311434367002
0,1,High German,1325,verlieren,12.774112848225492
0,0,High German,1325,fliehen,11.081311434367002
1,0,High German,1325,fliehen,11.081311434367002
0,0,High German,1325,fliehen,11.081311434367002
0,0,High German,1325,fliehen,11.081311434367002
0,1,High German,1325,verlieren,12.774112848225492
0,1,High German,1325,ziehen,12.911148396955392
0,1,High German,1325,leihen,9.387816877106937
0,1,High German,1325,ziehen,12.911148396955392
0,1,High German,1325,ziehen,12.911148396955392
0,0,High German,1325,fliehen,11.081311434367002
0,1,High German,1325,leihen,9.387816877106937
1,1,High German,1325,leihen,9.387816877106937
1,1,High German,1325,leihen,9.387816877106937
0,1,High German,1050,ziehen,12.911148396955392
0,1,High German,1050,ziehen,12.911148396955392
1,1,High German,1050,verlieren,12.774112848225492
0,1,High German,1050,ziehen,12.911148396955392
1,0,High German,1050,fliehen,11.081311434367002
0,1,High German,1180,kiesen,0.0
0,1,High German,1180,ziehen,12.911148396955392
0,1,High German,1180,leihen,9.387816877106937
0,1,High German,1225,leihen,9.387816877106937
1,1,High German,1325,ziehen,12.911148396955392
0,1,High German,1325,ziehen,12.911148396955392
0,1,High German,1325,ziehen,12.911148396955392
0,0,High German,1325,fliehen,11.081311434367002
1,1,High German,1325,ziehen,12.911148396955392
0,1,High German,1150,kiesen,0.0
0,1,High German,1150,ziehen,12.911148396955392
0,1,High German,1150,leihen,9.387816877106937
0,1,High German,1150,ziehen,12.911148396955392
0,1,High German,1150,ziehen,12.911148396955392
0,1,High German,1150,verlieren,12.774112848225492
0,1,High German,1350,ziehen,12.911148396955392
0,1,High German,1350,verlieren,12.774112848225492
0,1,High German,1350,ziehen,12.911148396955392
0,1,High German,1350,ziehen,12.911148396955392
0,1,High German,1325,kiesen,0.0
1,1,High German,1325,ziehen,12.911148396955392
0,0,High German,1160,fliehen,11.081311434367002
0,1,High German,1160,kiesen,0.0
0,1,High German,1160,verlieren,12.774112848225492
0,1,High German,1160,kiesen,0.0
0,1,High German,1160,kiesen,0.0
0,1,High German,1160,leihen,9.387816877106937
0,1,High German,1160,ziehen,12.911148396955392
0,1,High German,1250,verlieren,12.774112848225492
0,1,High German,1250,verlieren,12.774112848225492
0,1,High German,1250,leihen,9.387816877106937
0,1,High German,1250,verlieren,12.774112848225492
0,1,High German,1250,leihen,9.387816877106937
0,1,High German,1250,leihen,9.387816877106937
0,1,High German,1250,leihen,9.387816877106937
0,1,High German,1250,leihen,9.387816877106937
0,1,High German,1340,ziehen,12.911148396955392
0,0,High German,1340,fliehen,11.081311434367002
1,0,High German,1340,fliehen,11.081311434367002
0,1,Low German,1250,verlieren,12.774112848225492
0,1,Low German,1250,verlieren,12.774112848225492
0,1,Low German,1250,verlieren,12.774112848225492
0,1,Low German,1250,kiesen,0.0
1,1,Low German,1250,verlieren,12.774112848225492
0,1,Low German,1250,verlieren,12.774112848225492
0,1,Low German,1250,verlieren,12.774112848225492
1,1,Low German,1250,verlieren,12.774112848225492
0,1,Low German,1250,verlieren,12.774112848225492
0,1,Low German,1250,verlieren,12.774112848225492
1,1,Low German,1250,verlieren,12.774112848225492
0,1,Low German,1250,ziehen,12.911148396955392
0,1,Low German,1250,verlieren,12.774112848225492
0,1,Low German,1250,verlieren,12.774112848225492
0,1,Low German,1250,kiesen,0.0
0,1,Low German,1250,verlieren,12.774112848225492
0,1,Low German,1250,verlieren,12.774112848225492
0,1,Low German,1250,ziehen,12.911148396955392
0,1,Low German,1250,verlieren,12.774112848225492
0,1,High German,1160,ziehen,12.911148396955392
0,1,High German,1160,ziehen,12.911148396955392
0,1,High German,1160,ziehen,12.911148396955392
0,0,High German,1160,fliehen,11.081311434367002
0,0,High German,1160,fliehen,11.081311434367002
0,0,High German,1160,fliehen,11.081311434367002
0,0,High German,1160,fliehen,11.081311434367002
0,0,High German,1160,fliehen,11.081311434367002
0,1,High German,1160,verlieren,12.774112848225492
1,1,High German,1160,verlieren,12.774112848225492
0,1,High German,1160,ziehen,12.911148396955392
0,1,High German,1160,ziehen,12.911148396955392
0,1,High German,1160,ziehen,12.911148396955392
0,0,High German,1160,fliehen,11.081311434367002
0,1,High German,1160,ziehen,12.911148396955392
0,1,High German,1160,verlieren,12.774112848225492
0,0,High German,1160,fliehen,11.081311434367002
0,1,High German,1160,kiesen,0.0
0,1,High German,1160,ziehen,12.911148396955392
0,1,High German,1160,ziehen,12.911148396955392
0,1,High German,1160,ziehen,12.911148396955392
0,1,High German,1160,ziehen,12.911148396955392
0,1,High German,1160,verlieren,12.774112848225492
0,1,High German,1160,ziehen,12.911148396955392
0,0,High German,1160,fliehen,11.081311434367002
0,1,High German,1170,verlieren,12.774112848225492
0,1,High German,1170,verlieren,12.774112848225492
0,1,High German,1170,ziehen,12.911148396955392
1,1,High German,1170,kiesen,0.0
0,0,High German,1140,fliehen,11.081311434367002
0,1,High German,1140,leihen,9.387816877106937
0,1,High German,1140,verlieren,12.774112848225492
0,1,High German,1140,verlieren,12.774112848225492
0,1,High German,1140,verlieren,12.774112848225492
0,1,High German,1140,ziehen,12.911148396955392
0,1,High German,1140,verlieren,12.774112848225492
0,1,High German,1140,verlieren,12.774112848225492
0,1,Low German,1225,verlieren,12.774112848225492
0,1,High German,1225,verlieren,12.774112848225492
0,1,Low German,1325,ziehen,12.911148396955392
0,1,Low German,1325,kiesen,0.0
1,0,Low German,1325,fliehen,11.081311434367002
0,1,Low German,1325,verlieren,12.774112848225492
0,1,Low German,1325,frieren,7.765993079407675
0,1,Low German,1325,ziehen,12.911148396955392
0,1,Low German,1325,ziehen,12.911148396955392
0,1,High German,1150,verlieren,12.774112848225492
0,1,High German,1150,leihen,9.387816877106937
0,1,High German,1150,leihen,9.387816877106937
0,1,High German,1150,leihen,9.387816877106937
0,1,Upper German,1200,kiesen,0.0
0,1,Low German,1350,kiesen,0.0
0,1,Low German,1350,kiesen,0.0
0,1,Low German,1350,ziehen,12.911148396955392
0,0,Low German,1350,fliehen,11.081311434367002
0,1,Low German,1350,ziehen,12.911148396955392
0,1,Low German,1350,ziehen,12.911148396955392
0,1,Low German,1350,kiesen,0.0
0,1,Low German,1350,kiesen,0.0
1,1,Low German,1350,verlieren,12.774112848225492
0,1,Low German,1350,reisen,11.160598199024916
0,1,Low German,1350,kiesen,0.0
0,1,Low German,1350,kiesen,0.0
0,1,Low German,1350,kiesen,0.0
0,1,Low German,1350,kiesen,0.0
0,1,Low German,1350,kiesen,0.0
0,1,Low German,1350,kiesen,0.0
0,1,Low German,1350,kiesen,0.0
0,1,Low German,1350,kiesen,0.0
0,1,Low German,1350,kiesen,0.0
0,1,Low German,1350,kiesen,0.0
0,1,Low German,1350,verlieren,12.774112848225492
0,1,Low German,1350,verlieren,12.774112848225492
0,1,Low German,1350,ziehen,12.911148396955392
0,1,Low German,1350,verlieren,12.774112848225492
1,1,Low German,1350,verlieren,12.774112848225492
0,1,High German,1310,verlieren,12.774112848225492
0,1,High German,1310,verlieren,12.774112848225492
0,1,High German,1310,ziehen,12.911148396955392
0,1,High German,1310,ziehen,12.911148396955392
0,1,High German,1225,ziehen,12.911148396955392
0,1,High German,1225,ziehen,12.911148396955392
0,1,High German,1225,ziehen,12.911148396955392
0,1,High German,1225,ziehen,12.911148396955392
0,1,High German,1225,ziehen,12.911148396955392
0,1,High German,1225,ziehen,12.911148396955392
0,1,High German,1225,ziehen,12.911148396955392
0,1,High German,1225,kiesen,0.0
0,1,High German,1225,verlieren,12.774112848225492
0,1,High German,1225,ziehen,12.911148396955392
0,1,High German,1225,ziehen,12.911148396955392
0,1,High German,1225,verlieren,12.774112848225492
0,1,High German,1225,verlieren,12.774112848225492
0,1,High German,1225,ziehen,12.911148396955392
0,1,High German,1225,ziehen,12.911148396955392
0,1,High German,1225,ziehen,12.911148396955392
0,1,High German,1225,ziehen,12.911148396955392
0,1,High German,1225,ziehen,12.911148396955392
0,1,High German,1225,ziehen,12.911148396955392
0,0,High German,1225,fliehen,11.081311434367002
0,0,High German,1225,fliehen,11.081311434367002
0,1,High German,1225,ziehen,12.911148396955392
0,0,High German,1225,fliehen,11.081311434367002
0,0,High German,1225,fliehen,11.081311434367002
0,0,High German,1225,fliehen,11.081311434367002
0,0,High German,1225,fliehen,11.081311434367002
0,1,High German,1225,verlieren,12.774112848225492
0,1,High German,1225,verlieren,12.774112848225492
0,1,High German,1150,kiesen,0.0
0,1,High German,1150,kiesen,0.0
0,1,High German,1325,ziehen,12.911148396955392
0,1,High German,1325,ziehen,12.911148396955392
1,1,High German,1325,leihen,9.387816877106937
0,1,High German,1325,ziehen,12.911148396955392
0,1,High German,1325,ziehen,12.911148396955392
0,1,High German,1325,ziehen,12.911148396955392
0,1,High German,1325,ziehen,12.911148396955392
0,1,High German,1325,ziehen,12.911148396955392
0,1,High German,1325,ziehen,12.911148396955392
0,1,High German,1325,ziehen,12.911148396955392
0,1,High German,1325,ziehen,12.911148396955392
0,1,High German,1325,ziehen,12.911148396955392
0,1,High German,1325,ziehen,12.911148396955392
0,1,High German,1325,ziehen,12.911148396955392
0,1,High German,1325,ziehen,12.911148396955392
0,1,High German,1325,kiesen,0.0
1,1,High German,1325,leihen,9.387816877106937
0,1,High German,1325,ziehen,12.911148396955392
0,1,High German,1325,ziehen,12.911148396955392
1,1,High German,1325,leihen,9.387816877106937
0,1,High German,1172,verlieren,12.774112848225492
0,1,High German,1225,ziehen,12.911148396955392
0,0,High German,1225,fliehen,11.081311434367002
0,1,High German,1225,kiesen,0.0
0,1,High German,1225,ziehen,12.911148396955392
0,1,High German,1225,leihen,9.387816877106937
0,0,High German,1225,fliehen,11.081311434367002
0,1,High German,1225,ziehen,12.911148396955392
0,1,High German,1225,ziehen,12.911148396955392
0,1,High German,1225,verlieren,12.774112848225492
0,1,High German,1225,ziehen,12.911148396955392
0,1,High German,1225,gedeihen,9.515616752828915
0,1,High German,1225,ziehen,12.911148396955392
0,1,High German,1225,ziehen,12.911148396955392
0,0,High German,1225,fliehen,11.081311434367002
0,1,High German,1225,ziehen,12.911148396955392
0,1,High German,1225,kiesen,0.0
1,0,High German,1225,fliehen,11.081311434367002
1,1,High German,1225,ziehen,12.911148396955392
0,1,High German,1225,kiesen,0.0
0,1,High German,1225,ziehen,12.911148396955392
0,1,High German,1225,ziehen,12.911148396955392
1,1,High German,1225,ziehen,12.911148396955392
0,1,High German,1225,ziehen,12.911148396955392
0,1,High German,1225,ziehen,12.911148396955392
0,1,High German,1225,ziehen,12.911148396955392
0,1,High German,1225,ziehen,12.911148396955392
0,0,High German,1225,fliehen,11.081311434367002
0,0,High German,1225,fliehen,11.081311434367002
0,1,High German,1225,verlieren,12.774112848225492
0,1,High German,1225,ziehen,12.911148396955392
0,0,High German,1225,fliehen,11.081311434367002
0,1,High German,1225,ziehen,12.911148396955392
0,1,High German,1225,ziehen,12.911148396955392
0,1,High German,1225,ziehen,12.911148396955392
0,1,High German,1225,verlieren,12.774112848225492
0,1,High German,1225,ziehen,12.911148396955392
0,1,High German,1340,ziehen,12.911148396955392
0,1,High German,1340,leihen,9.387816877106937
0,1,High German,1340,ziehen,12.911148396955392
0,1,High German,1340,verlieren,12.774112848225492
1,0,High German,1340,fliehen,11.081311434367002
0,0,High German,1340,fliehen,11.081311434367002
0,1,High German,1340,ziehen,12.911148396955392
0,1,High German,1340,verlieren,12.774112848225492
0,1,High German,1340,ziehen,12.911148396955392
0,1,High German,1340,verlieren,12.774112848225492
0,1,High German,1340,verlieren,12.774112848225492
0,1,High German,1340,ziehen,12.911148396955392
0,1,High German,1340,ziehen,12.911148396955392
0,1,High German,1340,ziehen,12.911148396955392
0,1,Low German,1295,verlieren,12.774112848225492
1,1,Low German,1295,ziehen,12.911148396955392
0,1,Low German,1295,verlieren,12.774112848225492
0,1,Low German,1295,verlieren,12.774112848225492
1,0,Low German,1295,fliehen,11.081311434367002
1,0,Low German,1295,fliehen,11.081311434367002
0,1,Low German,1295,ziehen,12.911148396955392
0,1,Low German,1295,ziehen,12.911148396955392
1,1,Low German,1295,ziehen,12.911148396955392
0,1,Low German,1295,verlieren,12.774112848225492
1,1,Low German,1295,ziehen,12.911148396955392
0,1,Low German,1295,kiesen,0.0
0,1,Low German,1295,verlieren,12.774112848225492
1,1,Low German,1295,ziehen,12.911148396955392
1,1,Low German,1295,ziehen,12.911148396955392
1,0,Low German,1295,fliehen,11.081311434367002
0,1,Low German,1295,verlieren,12.774112848225492
0,1,Low German,1295,verlieren,12.774112848225492
1,1,Low German,1295,ziehen,12.911148396955392
1,1,Low German,1295,ziehen,12.911148396955392
1,1,Low German,1295,ziehen,12.911148396955392
1,0,Low German,1295,fliehen,11.081311434367002
1,1,Low German,1295,ziehen,12.911148396955392
1,0,Low German,1295,fliehen,11.081311434367002
1,0,Low German,1295,fliehen,11.081311434367002
1,0,Low German,1295,fliehen,11.081311434367002
0,1,Low German,1295,verlieren,12.774112848225492
0,1,High German,1300,kiesen,0.0
0,1,High German,1300,verlieren,12.774112848225492
0,1,High German,1300,verlieren,12.774112848225492
0,1,High German,1300,verlieren,12.774112848225492
0,1,High German,1300,verlieren,12.774112848225492
0,1,High German,1300,verlieren,12.774112848225492
0,1,High German,1300,ziehen,12.911148396955392
0,1,High German,1300,verlieren,12.774112848225492
0,1,High German,1300,kiesen,0.0
0,1,High German,1300,verlieren,12.774112848225492
0,1,High German,1300,verlieren,12.774112848225492
0,1,High German,1300,verlieren,12.774112848225492
0,1,High German,1300,ziehen,12.911148396955392
0,1,High German,1300,verlieren,12.774112848225492
0,1,High German,1300,verlieren,12.774112848225492
0,1,High German,1300,ziehen,12.911148396955392
0,1,High German,1300,ziehen,12.911148396955392
0,1,High German,1300,verlieren,12.774112848225492
0,1,High German,1300,verlieren,12.774112848225492
0,0,High German,1300,fliehen,11.081311434367002
0,0,High German,1300,fliehen,11.081311434367002
0,0,High German,1300,fliehen,11.081311434367002
0,1,High German,1300,ziehen,12.911148396955392
0,1,High German,1300,verlieren,12.774112848225492
0,1,High German,1300,ziehen,12.911148396955392
0,0,High German,1300,fliehen,11.081311434367002
0,1,High German,1300,verlieren,12.774112848225492
0,1,High German,1300,ziehen,12.911148396955392
0,0,High German,1300,fliehen,11.081311434367002
0,1,High German,1300,ziehen,12.911148396955392
0,1,High German,1300,frieren,7.765993079407675
0,1,High German,1300,verlieren,12.774112848225492
0,1,High German,1300,kiesen,0.0
0,1,High German,1300,ziehen,12.911148396955392
0,1,High German,1300,ziehen,12.911148396955392
0,1,High German,1300,verlieren,12.774112848225492
0,1,High German,1300,leihen,9.387816877106937
0,1,High German,1300,ziehen,12.911148396955392
0,1,High German,1300,ziehen,12.911148396955392
0,1,High German,1300,verlieren,12.774112848225492
0,1,High German,1300,verlieren,12.774112848225492
0,1,High German,1300,ziehen,12.911148396955392
0,1,High German,1300,verlieren,12.774112848225492
0,1,High German,1300,ziehen,12.911148396955392
0,1,High German,1300,ziehen,12.911148396955392
0,1,High German,1300,leihen,9.387816877106937
0,1,High German,1300,verlieren,12.774112848225492
0,1,High German,1300,verlieren,12.774112848225492
0,1,Low German,1250,verlieren,12.774112848225492
1,1,Low German,1250,verlieren,12.774112848225492
0,1,Low German,1250,verlieren,12.774112848225492
0,1,Low German,1250,kiesen,0.0
0,1,Low German,1250,kiesen,0.0
1,1,Low German,1250,ziehen,12.911148396955392
0,1,Low German,1250,ziehen,12.911148396955392
0,1,Low German,1250,ziehen,12.911148396955392
1,1,Low German,1250,verlieren,12.774112848225492
0,1,Low German,1250,ziehen,12.911148396955392
0,1,Low German,1250,ziehen,12.911148396955392
0,1,Low German,1250,kiesen,0.0
0,1,Low German,1250,kiesen,0.0
0,1,Low German,1250,ziehen,12.911148396955392
0,1,Low German,1250,ziehen,12.911148396955392
0,1,Low German,1250,kiesen,0.0
0,1,Low German,1250,ziehen,12.911148396955392
0,1,Low German,1250,kiesen,0.0
0,1,Low German,1250,ziehen,12.911148396955392
0,1,Low German,1250,verlieren,12.774112848225492
1,1,Low German,1250,verlieren,12.774112848225492
0,1,Low German,1250,verlieren,12.774112848225492
0,1,Low German,1250,kiesen,0.0
0,1,High German,1130,leihen,9.387816877106937
0,1,High German,1130,gedeihen,9.515616752828915
0,1,High German,1130,kiesen,0.0
0,1,High German,1130,ziehen,12.911148396955392
0,1,High German,1130,ziehen,12.911148396955392
0,0,High German,1130,fliehen,11.081311434367002
0,0,High German,1130,fliehen,11.081311434367002
0,1,High German,1130,ziehen,12.911148396955392
0,1,High German,1130,ziehen,12.911148396955392
1,1,High German,1130,ziehen,12.911148396955392
0,1,High German,1130,verlieren,12.774112848225492
0,1,High German,1130,verlieren,12.774112848225492
0,1,High German,1130,verlieren,12.774112848225492
0,1,High German,1130,verlieren,12.774112848225492
0,1,High German,1130,verlieren,12.774112848225492
0,1,High German,1130,verlieren,12.774112848225492
0,1,High German,1130,ziehen,12.911148396955392
0,1,High German,1130,ziehen,12.911148396955392
0,1,High German,1130,verlieren,12.774112848225492
0,1,High German,1130,verlieren,12.774112848225492
0,1,High German,1130,verlieren,12.774112848225492
0,1,High German,1130,ziehen,12.911148396955392
0,1,High German,1130,ziehen,12.911148396955392
0,1,High German,1130,verlieren,12.774112848225492
0,1,High German,1130,verlieren,12.774112848225492
0,1,High German,1150,leihen,9.387816877106937
0,1,High German,1150,verlieren,12.774112848225492
0,1,High German,1150,ziehen,12.911148396955392
0,1,High German,1150,kiesen,0.0
0,1,High German,1150,ziehen,12.911148396955392
1,1,High German,1150,verlieren,12.774112848225492
0,1,High German,1150,leihen,9.387816877106937
1,1,High German,1150,verlieren,12.774112848225492
0,1,High German,1150,leihen,9.387816877106937
0,1,High German,1150,leihen,9.387816877106937
1,1,High German,1150,leihen,9.387816877106937
0,1,High German,1150,ziehen,12.911148396955392
1,0,High German,1150,fliehen,11.081311434367002
0,1,High German,1150,verlieren,12.774112848225492
0,1,High German,1150,verlieren,12.774112848225492
0,1,High German,1150,verlieren,12.774112848225492
0,1,High German,1150,leihen,9.387816877106937
0,1,High German,1150,verlieren,12.774112848225492
0,1,High German,1150,verlieren,12.774112848225492
0,1,High German,1150,verlieren,12.774112848225492
0,1,High German,1150,verlieren,12.774112848225492
1,1,High German,1150,ziehen,12.911148396955392
0,1,High German,1150,leihen,9.387816877106937
0,1,High German,1150,leihen,9.387816877106937
0,1,High German,1150,kiesen,0.0
0,1,High German,1150,verlieren,12.774112848225492
0,1,High German,1150,verlieren,12.774112848225492
0,0,High German,1150,fliehen,11.081311434367002
0,1,High German,1150,leihen,9.387816877106937
0,1,High German,1150,leihen,9.387816877106937
0,1,High German,1250,verlieren,12.774112848225492
0,1,High German,1250,kiesen,0.0
0,1,High German,1250,ziehen,12.911148396955392
0,1,High German,1190,frieren,7.765993079407675
0,1,High German,1190,kiesen,0.0
0,0,High German,1190,niesen,7.889084407035514
0,1,High German,1190,ziehen,12.911148396955392
0,1,High German,1190,verlieren,12.774112848225492
0,1,High German,1190,kiesen,0.0
0,1,High German,1190,ziehen,12.911148396955392
0,1,High German,1190,seihen,6.008813185442595
0,1,High German,1190,reisen,11.160598199024916
0,0,High German,1190,fliehen,11.081311434367002
0,0,High German,1190,fliehen,11.081311434367002
0,1,High German,1190,reisen,11.160598199024916
0,1,High German,1190,reisen,11.160598199024916
0,1,High German,1190,reisen,11.160598199024916
0,1,High German,1190,ziehen,12.911148396955392
0,1,High German,1190,seihen,6.008813185442595
0,1,High German,1190,verlieren,12.774112848225492
0,1,High German,1190,verlieren,12.774112848225492
0,1,High German,1190,seihen,6.008813185442595
0,1,High German,1190,reisen,11.160598199024916
0,1,High German,1190,seihen,6.008813185442595
1,1,High German,1190,kiesen,0.0
1,1,High German,1190,verlieren,12.774112848225492
0,1,High German,1190,verlieren,12.774112848225492
0,1,High German,1190,verlieren,12.774112848225492
0,1,High German,1190,verlieren,12.774112848225492
0,0,High German,1125,fliehen,11.081311434367002
0,0,High German,1150,fliehen,11.081311434367002
0,1,High German,1150,ziehen,12.911148396955392
0,1,High German,1150,verlieren,12.774112848225492
0,1,High German,1150,ziehen,12.911148396955392
0,1,High German,1150,ziehen,12.911148396955392
0,1,High German,1150,ziehen,12.911148396955392
0,1,High German,1150,ziehen,12.911148396955392
0,0,High German,1150,fliehen,11.081311434367002
0,1,High German,1140,kiesen,0.0
0,1,High German,1140,verlieren,12.774112848225492
0,1,High German,1140,leihen,9.387816877106937
0,1,High German,1140,ziehen,12.911148396955392
0,1,High German,1140,verlieren,12.774112848225492
0,1,High German,1140,kiesen,0.0
0,1,High German,1140,leihen,9.387816877106937
0,1,High German,1140,verlieren,12.774112848225492
0,1,High German,1140,verlieren,12.774112848225492
1,1,High German,1140,verlieren,12.774112848225492
0,1,High German,1140,leihen,9.387816877106937
0,1,High German,1140,verlieren,12.774112848225492
0,1,High German,1140,verlieren,12.774112848225492
0,1,High German,1140,verlieren,12.774112848225492
0,1,High German,1140,verlieren,12.774112848225492
0,1,High German,1140,verlieren,12.774112848225492
0,1,High German,1140,verlieren,12.774112848225492
0,1,High German,1140,ziehen,12.911148396955392
0,1,High German,1140,verlieren,12.774112848225492
0,0,High German,1140,fliehen,11.081311434367002
0,1,High German,1140,ziehen,12.911148396955392
0,1,High German,1140,ziehen,12.911148396955392
0,1,High German,1140,kiesen,0.0
0,1,High German,1140,verlieren,12.774112848225492
0,1,High German,1140,kiesen,0.0
0,1,High German,1140,verlieren,12.774112848225492
1,0,High German,1140,fliehen,11.081311434367002
0,1,High German,1140,ziehen,12.911148396955392
1,1,High German,1140,kiesen,0.0
0,1,High German,1140,verlieren,12.774112848225492
1,1,High German,1140,verlieren,12.774112848225492
0,1,High German,1140,verlieren,12.774112848225492
0,1,High German,1140,kiesen,0.0
0,1,High German,1140,ziehen,12.911148396955392
0,1,High German,1140,verlieren,12.774112848225492
0,1,High German,1140,ziehen,12.911148396955392
0,1,High German,1140,kiesen,0.0
0,1,High German,1140,verlieren,12.774112848225492
0,1,High German,1140,kiesen,0.0
0,1,High German,1140,verlieren,12.774112848225492
0,1,High German,1140,verlieren,12.774112848225492
0,1,High German,1140,kiesen,0.0
0,1,High German,1140,ziehen,12.911148396955392
0,1,High German,1140,verlieren,12.774112848225492
0,1,High German,1140,leihen,9.387816877106937
1,1,High German,1140,verlieren,12.774112848225492
0,1,High German,1140,kiesen,0.0
0,1,High German,1140,ziehen,12.911148396955392
0,1,High German,1140,kiesen,0.0
0,1,High German,1140,verlieren,12.774112848225492
0,1,High German,1140,kiesen,0.0
0,1,High German,1140,kiesen,0.0
0,1,High German,1140,kiesen,0.0
0,1,High German,1140,verlieren,12.774112848225492
0,1,High German,1140,verlieren,12.774112848225492
0,1,High German,1140,kiesen,0.0
0,1,High German,1140,kiesen,0.0
0,1,High German,1140,verlieren,12.774112848225492
0,1,High German,1140,kiesen,0.0
0,1,High German,1140,verlieren,12.774112848225492
0,0,High German,1140,fliehen,11.081311434367002
0,1,High German,1140,verlieren,12.774112848225492
0,0,High German,1140,fliehen,11.081311434367002
0,1,High German,1140,kiesen,0.0
0,0,High German,1140,fliehen,11.081311434367002
0,1,High German,1140,ziehen,12.911148396955392
0,0,High German,1140,fliehen,11.081311434367002
0,1,High German,1140,kiesen,0.0
0,1,High German,1140,verlieren,12.774112848225492
0,1,High German,1140,kiesen,0.0
0,1,High German,1140,ziehen,12.911148396955392
1,0,High German,1140,fliehen,11.081311434367002
1,0,High German,1140,fliehen,11.081311434367002
0,1,High German,1140,verlieren,12.774112848225492
0,0,High German,1140,fliehen,11.081311434367002
0,1,High German,1140,verlieren,12.774112848225492
0,0,High German,1140,fliehen,11.081311434367002
0,1,High German,1140,ziehen,12.911148396955392
0,1,High German,1140,verlieren,12.774112848225492
0,1,High German,1140,leihen,9.387816877106937
0,1,High German,1140,leihen,9.387816877106937
1,0,High German,1140,fliehen,11.081311434367002
0,1,High German,1140,verlieren,12.774112848225492
0,1,High German,1140,ziehen,12.911148396955392
0,1,High German,1140,kiesen,0.0
0,1,High German,1140,ziehen,12.911148396955392
0,1,High German,1140,ziehen,12.911148396955392
0,1,High German,1140,verlieren,12.774112848225492
0,1,High German,1140,ziehen,12.911148396955392
0,1,High German,1140,leihen,9.387816877106937
1,0,High German,1140,fliehen,11.081311434367002
0,1,High German,1140,leihen,9.387816877106937
0,1,High German,1140,verlieren,12.774112848225492
0,1,High German,1140,kiesen,0.0
0,1,High German,1140,verlieren,12.774112848225492
1,1,High German,1140,verlieren,12.774112848225492
0,1,High German,1140,kiesen,0.0
1,1,High German,1140,kiesen,0.0
0,1,High German,1140,verlieren,12.774112848225492
0,1,High German,1140,verlieren,12.774112848225492
0,1,High German,1140,verlieren,12.774112848225492
0,1,High German,1140,verlieren,12.774112848225492
1,0,High German,1140,fliehen,11.081311434367002
1,1,High German,1140,verlieren,12.774112848225492
1,0,High German,1140,fliehen,11.081311434367002
0,0,High German,1140,fliehen,11.081311434367002
0,1,High German,1140,leihen,9.387816877106937
0,1,High German,1140,ziehen,12.911148396955392
0,0,High German,1140,fliehen,11.081311434367002
1,0,High German,1140,fliehen,11.081311434367002
0,1,High German,1140,leihen,9.387816877106937
0,1,High German,1140,verlieren,12.774112848225492
0,0,High German,1140,fliehen,11.081311434367002
1,0,High German,1140,fliehen,11.081311434367002
0,1,High German,1140,verlieren,12.774112848225492
0,1,High German,1140,verlieren,12.774112848225492
0,1,High German,1140,verlieren,12.774112848225492
0,0,High German,1140,fliehen,11.081311434367002
0,1,High German,1140,verlieren,12.774112848225492
0,0,High German,1140,fliehen,11.081311434367002
0,1,High German,1140,leihen,9.387816877106937
0,1,Low German,1269,kiesen,0.0
0,1,Low German,1269,verlieren,12.774112848225492
0,1,Low German,1269,gedeihen,9.515616752828915
0,1,Low German,1269,ziehen,12.911148396955392
0,1,Low German,1269,kiesen,0.0
1,1,Low German,1269,verlieren,12.774112848225492
0,1,Low German,1269,verlieren,12.774112848225492
0,1,Low German,1269,ziehen,12.911148396955392
0,1,Low German,1269,ziehen,12.911148396955392
0,1,Low German,1269,ziehen,12.911148396955392
1,0,Low German,1269,fliehen,11.081311434367002
0,1,Low German,1269,verlieren,12.774112848225492
0,1,Low German,1269,ziehen,12.911148396955392
1,1,Low German,1269,ziehen,12.911148396955392
0,1,Low German,1269,ziehen,12.911148396955392
0,1,Low German,1269,kiesen,0.0
0,1,Low German,1269,kiesen,0.0
0,1,Low German,1269,verlieren,12.774112848225492
0,1,Low German,1269,kiesen,0.0
